id_venda,id_pedido,cpf_cliente,data_venda,data_entrega,produto_id,produto_nome,categoria_produto,quantidade,valor_unitario,desconto,valor_total,custo,canal_venda,status_venda,forma_pagamento,parcelas,vendedor_id,loja_id
1,PED-20260109-000001,22091782157,2026-01-09T04:35:57.682864,2026-01-13T04:35:57.682864,ELET-005,iPad Air 5ª Geração,Eletrônicos,1,7485.74,0.0,7485.74,5124.53,LOJA_FISICA,CONCLUIDA,CARTAO_DEBITO,1,VND025,LOJA14
2,PED-20250817-000002,84515949306,2025-08-17T06:14:57.682864,2025-08-22T06:14:57.682864,ELET-004,Fone JBL Tune 760NC,Eletrônicos,1,468.4,0.0,468.4,276.6,LOJA_FISICA,CONCLUIDA,CARTAO_DEBITO,1,VND021,LOJA16
3,PED-20250618-000003,10594569311,2025-06-18T09:17:57.682864,,ELET-003,"Smart TV 55"" LG OLED",Eletrônicos,1,6675.12,0.0,6675.12,3091.42,LOJA_FISICA,CANCELADA,PIX,1,VND029,LOJA12
4,PED-20250609-000004,16227236357,2025-06-09T09:54:57.682864,2025-06-19T09:54:57.682864,ELET-001,Smartphone Samsung Galaxy A54,Eletrônicos,1,1441.23,144.12,1297.11,702.75,ECOMMERCE,CONCLUIDA,CARTAO_CREDITO,2,VND005,
5,PED-20250520-000005,35230461659,2025-05-20T12:45:57.682864,,VEST-001,Camiseta Polo Masculina,Vestuário,1,183.18,0.0,183.18,133.28,TELEVENDAS,CANCELADA,CARTAO_CREDITO,1,VND032,
6,PED-20250920-000006,27291186838,2025-09-20T07:54:57.682864,2025-09-29T07:54:57.682864,ELET-003,"Smart TV 55"" LG OLED",Eletrônicos,1,5957.52,0.0,5957.52,2880.83,TELEVENDAS,CONCLUIDA,CARTAO_CREDITO,12,VND021,
7,PED-20251022-000007,80759034800,2025-10-22T01:42:57.682864,2025-10-31T01:42:57.682864,BELE-001,Perfume Natura Essencial,Beleza,1,184.97,27.75,157.22,63.91,LOJA_FISICA,CONCLUIDA,BOLETO,1,VND005,LOJA15
8,PED-20250816-000008,92044693151,2025-08-16T12:02:57.682864,2025-08-22T12:02:57.682864,ELET-003,"Smart TV 55"" LG OLED",Eletrônicos,1,6452.48,0.0,6452.48,2796.75,ECOMMERCE,CONCLUIDA,BOLETO,1,VND022,
9,PED-20251023-000009,28740709124,2025-10-23T15:11:57.682864,2025-11-02T15:11:57.682864,ELET-001,Smartphone Samsung Galaxy A54,Eletrônicos,1,1483.51,296.7,1186.81,656.13,TELEVENDAS,CONCLUIDA,PIX,1,VND011,
10,PED-20250916-000010,06124115670,2025-09-16T05:59:57.682864,2025-09-23T05:59:57.682864,ELET-002,Notebook Dell Inspiron 15,Eletrônicos,1,4743.68,0.0,4743.68,2745.23,ECOMMERCE,CONCLUIDA,PIX,1,VND042,
11,PED-20250520-000011,16919546248,2025-05-20T09:18:57.682864,2025-05-28T09:18:57.682864,VEST-001,Camiseta Polo Masculina,Vestuário,1,149.59,29.92,119.67,63.9,ECOMMERCE,CONCLUIDA,PIX,1,VND008,
12,PED-20250522-000012,35477245549,2025-05-22T10:55:57.682864,2025-06-01T10:55:57.682864,CASA-002,Aspirador Robô iRobot,Casa,1,2458.47,0.0,2458.47,1606.39,TELEVENDAS,CONCLUIDA,PIX,1,VND007,
13,PED-20250829-000013,62513572408,2025-08-29T10:45:57.682864,2025-09-07T10:45:57.682864,CASA-001,Cafeteira Nespresso Essenza,Casa,1,515.63,0.0,515.63,247.13,APP_MOBILE,CONCLUIDA,CARTAO_CREDITO,12,VND020,
14,PED-20250707-000014,92241549304,2025-07-07T15:05:57.682864,2025-07-12T15:05:57.682864,ELET-005,iPad Air 5ª Geração,Eletrônicos,1,5102.39,0.0,5102.39,2939.52,APP_MOBILE,CONCLUIDA,BOLETO,1,VND020,
15,PED-20250518-000015,17948442367,2025-05-18T03:28:57.682864,2025-05-24T03:28:57.682864,ELET-004,Fone JBL Tune 760NC,Eletrônicos,1,423.79,63.57,360.22,249.21,ECOMMERCE,CONCLUIDA,CARTAO_CREDITO,6,VND045,
16,PED-20251022-000016,04178441159,2025-10-22T13:57:57.682864,2025-10-25T13:57:57.682864,ALIM-001,Kit Chocolate Belga Importado,Alimentação,1,89.88,0.0,89.88,61.79,ECOMMERCE,CONCLUIDA,PIX,1,VND024,
17,PED-20250421-000017,27291186838,2025-04-21T08:58:57.682864,2025-04-25T08:58:57.682864,CALC-002,Bota Couro Timberland,Calçados,1,1018.61,0.0,1018.61,543.69,ECOMMERCE,CONCLUIDA,CARTAO_CREDITO,3,VND040,
18,PED-20251012-000018,24530593606,2025-10-12T13:59:57.682864,2025-10-15T13:59:57.682864,VEST-001,Camiseta Polo Masculina,Vestuário,1,225.63,0.0,225.63,131.39,ECOMMERCE,CONCLUIDA,PIX,1,VND027,
19,PED-20250519-000019,00554378698,2025-05-19T01:45:57.682864,2025-05-28T01:45:57.682864,CASA-001,Cafeteira Nespresso Essenza,Casa,3,550.14,247.56,1402.86,696.88,ECOMMERCE,CONCLUIDA,PIX,1,VND020,
20,PED-20250527-000020,55386382608,2025-05-27T10:07:57.682864,2025-06-01T10:07:57.682864,CALC-002,Bota Couro Timberland,Calçados,1,1026.22,0.0,1026.22,445.24,ECOMMERCE,CONCLUIDA,CARTAO_DEBITO,1,VND027,
21,PED-20250919-000021,26326511402,2025-09-19T14:28:57.682864,2025-09-23T14:28:57.682864,BELE-001,Perfume Natura Essencial,Beleza,1,164.96,0.0,164.96,118.79,LOJA_FISICA,CONCLUIDA,CARTAO_CREDITO,1,VND037,LOJA02
22,PED-20250820-000022,72074934521,2025-08-20T03:52:57.682864,2025-08-27T03:52:57.682864,CALC-001,Tênis Nike Air Max 270,Calçados,3,874.21,0.0,2622.63,1556.4,LOJA_FISICA,CONCLUIDA,PIX,1,VND006,LOJA14
23,PED-20250421-000023,02717538976,2025-04-21T10:48:57.682864,,ELET-003,"Smart TV 55"" LG OLED",Eletrônicos,2,3672.4,0.0,7344.8,4944.72,ECOMMERCE,CANCELADA,CARTAO_CREDITO,12,VND004,
24,PED-20250828-000024,07133496623,2025-08-28T06:16:57.682864,2025-09-05T06:16:57.682864,CASA-002,Aspirador Robô iRobot,Casa,1,2928.97,0.0,2928.97,1589.27,ECOMMERCE,CONCLUIDA,CARTAO_CREDITO,3,VND041,
25,PED-20250529-000025,79199563231,2025-05-29T14:24:57.682864,2025-06-06T14:24:57.682864,ELET-003,"Smart TV 55"" LG OLED",Eletrônicos,1,6607.16,0.0,6607.16,4192.03,ECOMMERCE,CONCLUIDA,CARTAO_DEBITO,1,VND043,
26,PED-20250920-000026,82100404806,2025-09-20T10:57:57.682864,2025-09-23T10:57:57.682864,ELET-005,iPad Air 5ª Geração,Eletrônicos,1,5917.2,0.0,5917.2,2842.77,ECOMMERCE,CONCLUIDA,CARTAO_CREDITO,1,VND050,
27,PED-20251025-000027,29407901831,2025-10-25T09:22:57.682864,2025-10-28T09:22:57.682864,ELET-003,"Smart TV 55"" LG OLED",Eletrônicos,1,3990.11,399.01,3591.1,1793.43,ECOMMERCE,CONCLUIDA,CARTAO_CREDITO,2,VND044,
28,PED-20250608-000028,04469413526,2025-06-08T06:10:57.682864,2025-06-13T06:10:57.682864,ALIM-001,Kit Chocolate Belga Importado,Alimentação,1,143.92,0.0,143.92,60.48,APP_MOBILE,CONCLUIDA,BOLETO,1,VND031,
29,PED-20250502-000029,65698611157,2025-05-02T15:34:57.682864,2025-05-06T15:34:57.682864,CASA-002,Aspirador Robô iRobot,Casa,1,2585.99,0.0,2585.99,1759.26,ECOMMERCE,CONCLUIDA,CARTAO_CREDITO,1,VND039,
30,PED-20251120-000030,61463985860,2025-11-20T15:23:57.682864,2025-11-23T15:23:57.682864,ELET-001,Smartphone Samsung Galaxy A54,Eletrônicos,1,1764.95,0.0,1764.95,1096.35,LOJA_FISICA,CONCLUIDA,PIX,1,VND046,LOJA13
31,PED-20250514-000031,29951489397,2025-05-14T11:15:57.682864,2025-05-20T11:15:57.682864,VEST-001,Camiseta Polo Masculina,Vestuário,1,169.79,0.0,169.79,76.66,LOJA_FISICA,CONCLUIDA,PIX,1,VND030,LOJA02
32,PED-20250903-000032,27657790580,2025-09-03T12:12:57.682864,2025-09-10T12:12:57.682864,BELE-001,Perfume Natura Essencial,Beleza,1,247.81,0.0,247.81,117.95,APP_MOBILE,CONCLUIDA,CARTAO_CREDITO,1,VND001,
33,PED-20251014-000033,29407901831,2025-10-14T08:09:57.682864,,ALIM-001,Kit Chocolate Belga Importado,Alimentação,1,164.21,8.21,156.0,69.47,LOJA_FISICA,CANCELADA,PIX,1,VND036,LOJA08
34,PED-20250925-000034,02403164879,2025-09-25T11:51:57.682864,2025-09-28T11:51:57.682864,CALC-001,Tênis Nike Air Max 270,Calçados,1,520.21,52.02,468.19,242.67,LOJA_FISICA,CONCLUIDA,BOLETO,1,VND007,LOJA04
35,PED-20250620-000035,24021504753,2025-06-20T09:18:57.682864,2025-06-24T09:18:57.682864,ELET-001,Smartphone Samsung Galaxy A54,Eletrônicos,1,1593.4,0.0,1593.4,838.01,ECOMMERCE,CONCLUIDA,PIX,1,VND031,
36,PED-20260108-000036,40467750416,2026-01-08T07:06:57.682864,2026-01-16T07:06:57.682864,ELET-004,Fone JBL Tune 760NC,Eletrônicos,1,574.03,57.4,516.63,252.12,ECOMMERCE,CONCLUIDA,BOLETO,1,VND046,
37,PED-20260117-000037,04469413526,2026-01-17T02:21:57.682864,2026-01-25T02:21:57.682864,CASA-001,Cafeteira Nespresso Essenza,Casa,1,414.11,82.82,331.29,151.55,TELEVENDAS,CONCLUIDA,CARTAO_CREDITO,3,VND044,
38,PED-20250820-000038,40043074731,2025-08-20T11:57:57.682864,2025-08-28T11:57:57.682864,VEST-002,Vestido Social Feminino,Vestuário,1,317.29,15.86,301.43,126.59,ECOMMERCE,CONCLUIDA,PIX,1,VND024,
39,PED-20250508-000039,05778359047,2025-05-08T15:47:57.682864,2025-05-13T15:47:57.682864,LIVR-001,Livro - O Poder do Hábito,Livros,1,44.2,0.0,44.2,27.23,ECOMMERCE,CONCLUIDA,CARTAO_CREDITO,1,VND041,
40,PED-20260228-000040,27657790580,2026-02-28T13:44:57.682864,2026-03-05T13:44:57.682864,VEST-002,Vestido Social Feminino,Vestuário,1,168.59,0.0,168.59,85.58,LOJA_FISICA,CONCLUIDA,PIX,1,VND027,LOJA19
41,PED-20250612-000041,82425154922,2025-06-12T03:53:57.682864,2025-06-19T03:53:57.682864,ELET-004,Fone JBL Tune 760NC,Eletrônicos,1,352.22,0.0,352.22,195.84,ECOMMERCE,CONCLUIDA,CARTAO_CREDITO,6,VND010,
42,PED-20250708-000042,74610487160,2025-07-08T09:44:57.682864,2025-07-12T09:44:57.682864,BELE-001,Perfume Natura Essencial,Beleza,1,228.98,0.0,228.98,125.75,APP_MOBILE,CONCLUIDA,BOLETO,1,VND040,
43,PED-20250523-000043,18843946714,2025-05-23T05:23:57.682864,2025-05-31T05:23:57.682864,ELET-004,Fone JBL Tune 760NC,Eletrônicos,1,577.49,86.62,490.87,340.31,APP_MOBILE,CONCLUIDA,PIX,1,VND028,
44,PED-20250704-000044,04509193238,2025-07-04T13:50:57.682864,2025-07-10T13:50:57.682864,CASA-002,Aspirador Robô iRobot,Casa,1,2335.41,0.0,2335.41,1424.83,LOJA_FISICA,CONCLUIDA,CARTAO_CREDITO,6,VND018,LOJA06
45,PED-20250506-000045,02416870807,2025-05-06T10:05:57.682864,2025-05-10T10:05:57.682864,VEST-001,Camiseta Polo Masculina,Vestuário,2,89.47,0.0,178.94,99.58,ECOMMERCE,CONCLUIDA,PIX,1,VND024,
46,PED-20250525-000046,22617780589,2025-05-25T07:04:57.682864,2025-05-30T07:04:57.682864,CALC-002,Bota Couro Timberland,Calçados,1,1157.47,0.0,1157.47,515.1,APP_MOBILE,DEVOLVIDA,CARTAO_CREDITO,3,VND017,
47,PED-20250423-000047,25028456615,2025-04-23T03:06:57.682864,2025-04-28T03:06:57.682864,ELET-002,Notebook Dell Inspiron 15,Eletrônicos,1,4004.29,0.0,4004.29,2807.46,LOJA_FISICA,CONCLUIDA,CARTAO_CREDITO,3,VND002,LOJA01
48,PED-20250713-000048,78978753426,2025-07-13T02:21:57.682864,2025-07-22T02:21:57.682864,CASA-001,Cafeteira Nespresso Essenza,Casa,1,498.52,99.7,398.82,198.11,ECOMMERCE,CONCLUIDA,PIX,1,VND013,
49,PED-20251024-000049,34356977173,2025-10-24T10:15:57.682864,2025-11-02T10:15:57.682864,LIVR-001,Livro - O Poder do Hábito,Livros,1,38.43,7.69,30.74,16.62,ECOMMERCE,CONCLUIDA,CARTAO_CREDITO,1,VND024,
50,PED-20250513-000050,25028456615,2025-05-13T05:17:57.682864,2025-05-20T05:17:57.682864,LIVR-001,Livro - O Poder do Hábito,Livros,1,39.93,0.0,39.93,17.33,LOJA_FISICA,CONCLUIDA,CARTAO_CREDITO,1,VND024,LOJA05
51,PED-20250430-000051,11340986000,2025-04-30T05:25:57.682864,2025-05-06T05:25:57.682864,ELET-002,Notebook Dell Inspiron 15,Eletrônicos,1,5144.09,0.0,5144.09,2889.4,TELEVENDAS,CONCLUIDA,CARTAO_CREDITO,12,VND021,
52,PED-20250826-000052,04433772003,2025-08-26T09:51:57.682864,2025-09-04T09:51:57.682864,ELET-001,Smartphone Samsung Galaxy A54,Eletrônicos,1,1268.7,253.74,1014.96,518.0,ECOMMERCE,DEVOLVIDA,CARTAO_CREDITO,12,VND046,
53,PED-20250531-000053,65698611157,2025-05-31T14:18:57.682864,2025-06-04T14:18:57.682864,CASA-001,Cafeteira Nespresso Essenza,Casa,1,641.23,0.0,641.23,353.22,ECOMMERCE,CONCLUIDA,BOLETO,1,VND030,
54,PED-20250521-000054,40493641742,2025-05-21T14:40:57.682864,2025-05-25T14:40:57.682864,CALC-002,Bota Couro Timberland,Calçados,1,771.83,115.77,656.06,275.43,ECOMMERCE,DEVOLVIDA,CARTAO_CREDITO,3,VND043,
55,PED-20250421-000055,92241549304,2025-04-21T04:13:57.682864,2025-04-30T04:13:57.682864,VEST-002,Vestido Social Feminino,Vestuário,1,237.01,0.0,237.01,171.7,APP_MOBILE,CONCLUIDA,CARTAO_CREDITO,6,VND044,
56,PED-20250626-000056,80832357170,2025-06-26T08:29:57.682864,2025-07-05T08:29:57.682864,ELET-003,"Smart TV 55"" LG OLED",Eletrônicos,1,4940.62,741.09,4199.53,2278.66,ECOMMERCE,CONCLUIDA,PIX,1,VND006,
57,PED-20251026-000057,69361234730,2025-10-26T15:20:57.682864,2025-11-05T15:20:57.682864,ELET-004,Fone JBL Tune 760NC,Eletrônicos,2,374.42,74.88,673.96,441.71,APP_MOBILE,CONCLUIDA,CARTAO_CREDITO,2,VND040,
58,PED-20250719-000058,05778359047,2025-07-19T08:42:57.682864,2025-07-23T08:42:57.682864,BELE-001,Perfume Natura Essencial,Beleza,1,228.79,0.0,228.79,170.73,ECOMMERCE,CONCLUIDA,CARTAO_CREDITO,2,VND029,
59,PED-20250819-000059,54571113935,2025-08-19T10:06:57.682864,2025-08-25T10:06:57.682864,VEST-001,Camiseta Polo Masculina,Vestuário,1,223.8,0.0,223.8,129.91,ECOMMERCE,CONCLUIDA,CARTAO_CREDITO,3,VND032,
60,PED-20260221-000060,35477245549,2026-02-21T15:39:57.682864,2026-03-01T15:39:57.682864,CASA-001,Cafeteira Nespresso Essenza,Casa,1,574.29,0.0,574.29,362.47,APP_MOBILE,CONCLUIDA,CARTAO_CREDITO,1,VND013,
61,PED-20250613-000061,09601751726,2025-06-13T09:42:57.682864,2025-06-16T09:42:57.682864,CALC-001,Tênis Nike Air Max 270,Calçados,1,859.44,171.89,687.55,291.41,APP_MOBILE,CONCLUIDA,PIX,1,VND044,
62,PED-20250622-000062,61463985860,2025-06-22T15:52:57.682864,2025-06-30T15:52:57.682864,CASA-002,Aspirador Robô iRobot,Casa,1,2081.11,0.0,2081.11,871.62,ECOMMERCE,CONCLUIDA,CARTAO_CREDITO,1,VND047,
63,PED-20250830-000063,90721358306,2025-08-30T07:45:57.682864,2025-09-08T07:45:57.682864,CALC-002,Bota Couro Timberland,Calçados,1,770.64,38.53,732.11,481.1,ECOMMERCE,CONCLUIDA,BOLETO,1,VND010,
64,PED-20250430-000064,71878662082,2025-04-30T09:21:57.682864,2025-05-06T09:21:57.682864,ELET-001,Smartphone Samsung Galaxy A54,Eletrônicos,1,1507.6,0.0,1507.6,966.35,ECOMMERCE,CONCLUIDA,BOLETO,1,VND020,
65,PED-20250725-000065,44034403128,2025-07-25T08:06:57.682864,2025-07-28T08:06:57.682864,ELET-005,iPad Air 5ª Geração,Eletrônicos,1,6796.67,0.0,6796.67,3127.14,APP_MOBILE,CONCLUIDA,PIX,1,VND015,
66,PED-20251025-000066,00554378698,2025-10-25T07:51:57.682864,2025-10-29T07:51:57.682864,ELET-002,Notebook Dell Inspiron 15,Eletrônicos,2,5471.54,0.0,10943.08,6954.01,APP_MOBILE,CONCLUIDA,BOLETO,1,VND008,
67,PED-20250415-000067,09601751726,2025-04-15T12:57:57.682864,2025-04-21T12:57:57.682864,VEST-002,Vestido Social Feminino,Vestuário,1,258.16,0.0,258.16,177.65,APP_MOBILE,CONCLUIDA,PIX,1,VND041,
68,PED-20250423-000068,17948442367,2025-04-23T14:56:57.682864,2025-05-02T14:56:57.682864,VEST-001,Camiseta Polo Masculina,Vestuário,1,83.32,0.0,83.32,35.77,ECOMMERCE,CONCLUIDA,PIX,1,VND024,
69,PED-20260115-000069,14897305837,2026-01-15T11:05:57.682864,2026-01-23T11:05:57.682864,VEST-002,Vestido Social Feminino,Vestuário,1,340.22,34.02,306.2,127.83,ECOMMERCE,CONCLUIDA,PIX,1,VND022,
70,PED-20250506-000070,77767235416,2025-05-06T03:28:57.682864,2025-05-12T03:28:57.682864,ELET-004,Fone JBL Tune 760NC,Eletrônicos,1,481.17,96.23,384.94,187.03,LOJA_FISICA,CONCLUIDA,PIX,1,VND018,LOJA12
71,PED-20251027-000071,25028456615,2025-10-27T11:06:57.682864,,CALC-002,Bota Couro Timberland,Calçados,1,663.47,0.0,663.47,420.78,ECOMMERCE,CANCELADA,CARTAO_DEBITO,1,VND043,
72,PED-20251005-000072,89729244740,2025-10-05T06:45:57.682864,2025-10-09T06:45:57.682864,ELET-004,Fone JBL Tune 760NC,Eletrônicos,2,579.78,115.96,1043.6,660.08,ECOMMERCE,CONCLUIDA,CARTAO_CREDITO,1,VND033,
73,PED-20250708-000073,27291186838,2025-07-08T06:53:57.682864,2025-07-15T06:53:57.682864,LIVR-001,Livro - O Poder do Hábito,Livros,1,50.41,0.0,50.41,20.87,ECOMMERCE,CONCLUIDA,CARTAO_CREDITO,1,VND010,
74,PED-20250625-000074,04178441159,2025-06-25T01:45:57.682864,2025-06-29T01:45:57.682864,CALC-001,Tênis Nike Air Max 270,Calçados,1,478.24,95.65,382.59,208.75,APP_MOBILE,CONCLUIDA,BOLETO,1,VND019,
75,PED-20251118-000075,17948442367,2025-11-18T04:04:57.682864,2025-11-24T04:04:57.682864,CALC-001,Tênis Nike Air Max 270,Calçados,1,836.48,0.0,836.48,587.15,ECOMMERCE,CONCLUIDA,PIX,1,VND038,
76,PED-20260207-000076,88483781611,2026-02-07T05:37:57.682864,2026-02-13T05:37:57.682864,LIVR-001,Livro - O Poder do Hábito,Livros,1,44.47,4.45,40.02,16.94,ECOMMERCE,CONCLUIDA,BOLETO,1,VND033,
77,PED-20250502-000077,24824467594,2025-05-02T14:00:57.682864,2025-05-12T14:00:57.682864,BELE-001,Perfume Natura Essencial,Beleza,1,208.71,0.0,208.71,152.73,ECOMMERCE,CONCLUIDA,CARTAO_CREDITO,1,VND031,
78,PED-20250802-000078,50006890032,2025-08-02T09:27:57.682864,2025-08-08T09:27:57.682864,CALC-002,Bota Couro Timberland,Calçados,1,611.11,0.0,611.11,355.66,LOJA_FISICA,CONCLUIDA,CARTAO_CREDITO,2,VND030,LOJA02
79,PED-20260215-000079,74610487160,2026-02-15T10:48:57.682864,2026-02-18T10:48:57.682864,ALIM-001,Kit Chocolate Belga Importado,Alimentação,1,114.09,0.0,114.09,66.16,ECOMMERCE,CONCLUIDA,PIX,1,VND011,
80,PED-20250816-000080,85207275739,2025-08-16T06:15:57.682864,2025-08-23T06:15:57.682864,BELE-001,Perfume Natura Essencial,Beleza,1,128.46,0.0,128.46,57.79,ECOMMERCE,DEVOLVIDA,PIX,1,VND049,
81,PED-20250628-000081,96815399907,2025-06-28T02:29:57.682864,2025-07-03T02:29:57.682864,ELET-002,Notebook Dell Inspiron 15,Eletrônicos,1,4690.36,0.0,4690.36,3426.42,ECOMMERCE,CONCLUIDA,CARTAO_CREDITO,3,VND039,
82,PED-20250505-000082,01677527234,2025-05-05T03:41:57.682864,,BELE-001,Perfume Natura Essencial,Beleza,1,259.35,0.0,259.35,128.43,APP_MOBILE,CANCELADA,CARTAO_CREDITO,1,VND002,
83,PED-20251112-000083,11340986000,2025-11-12T09:00:57.682864,2025-11-15T09:00:57.682864,LIVR-001,Livro - O Poder do Hábito,Livros,1,45.74,0.0,45.74,24.7,ECOMMERCE,CONCLUIDA,PIX,1,VND010,
84,PED-20250828-000084,00554378698,2025-08-28T07:11:57.682864,2025-09-01T07:11:57.682864,ELET-004,Fone JBL Tune 760NC,Eletrônicos,1,528.02,0.0,528.02,258.06,ECOMMERCE,CONCLUIDA,PIX,1,VND019,
85,PED-20251211-000085,04433772003,2025-12-11T13:46:57.682864,2025-12-17T13:46:57.682864,ALIM-001,Kit Chocolate Belga Importado,Alimentação,1,166.95,0.0,166.95,86.63,LOJA_FISICA,CONCLUIDA,BOLETO,1,VND019,LOJA09
86,PED-20250806-000086,90721358306,2025-08-06T04:03:57.682864,2025-08-14T04:03:57.682864,CASA-001,Cafeteira Nespresso Essenza,Casa,1,433.25,0.0,433.25,230.88,LOJA_FISICA,DEVOLVIDA,CARTAO_CREDITO,2,VND041,LOJA18
87,PED-20250526-000087,28740709124,2025-05-26T07:20:57.682864,2025-06-03T07:20:57.682864,VEST-002,Vestido Social Feminino,Vestuário,1,163.58,32.72,130.86,96.28,LOJA_FISICA,CONCLUIDA,PIX,1,VND002,LOJA09
88,PED-20250809-000088,80832357170,2025-08-09T11:19:57.682864,2025-08-15T11:19:57.682864,ELET-002,Notebook Dell Inspiron 15,Eletrônicos,1,3474.06,347.41,3126.65,1314.84,ECOMMERCE,CONCLUIDA,PIX,1,VND013,
89,PED-20250911-000089,00554378698,2025-09-11T01:08:57.682864,2025-09-18T01:08:57.682864,VEST-002,Vestido Social Feminino,Vestuário,1,168.8,0.0,168.8,125.68,ECOMMERCE,CONCLUIDA,PIX,1,VND007,
90,PED-20260214-000090,92623542821,2026-02-14T12:24:57.682864,2026-02-22T12:24:57.682864,BELE-001,Perfume Natura Essencial,Beleza,1,265.6,0.0,265.6,113.56,ECOMMERCE,CONCLUIDA,CARTAO_CREDITO,12,VND013,
91,PED-20250421-000091,52406481239,2025-04-21T01:19:57.682864,2025-04-27T01:19:57.682864,ALIM-001,Kit Chocolate Belga Importado,Alimentação,1,151.24,0.0,151.24,80.24,LOJA_FISICA,CONCLUIDA,BOLETO,1,VND047,LOJA20
92,PED-20250505-000092,50159279836,2025-05-05T07:49:57.682864,2025-05-12T07:49:57.682864,CASA-001,Cafeteira Nespresso Essenza,Casa,1,455.49,22.77,432.72,206.34,TELEVENDAS,CONCLUIDA,CARTAO_CREDITO,12,VND039,
93,PED-20250514-000093,51238477909,2025-05-14T02:15:57.682864,2025-05-20T02:15:57.682864,ESPO-001,Bicicleta Caloi 21 Marchas,Esportes,1,1769.97,0.0,1769.97,909.63,ECOMMERCE,CONCLUIDA,CARTAO_CREDITO,2,VND035,
94,PED-20251016-000094,41474669662,2025-10-16T09:11:57.682864,2025-10-21T09:11:57.682864,VEST-001,Camiseta Polo Masculina,Vestuário,1,233.27,0.0,233.27,145.16,APP_MOBILE,CONCLUIDA,CARTAO_CREDITO,1,VND026,
95,PED-20250522-000095,50006890032,2025-05-22T09:49:57.682864,2025-05-26T09:49:57.682864,BELE-001,Perfume Natura Essencial,Beleza,1,161.22,0.0,161.22,92.41,TELEVENDAS,CONCLUIDA,BOLETO,1,VND033,
96,PED-20260206-000096,80236337246,2026-02-06T02:29:57.682864,2026-02-11T02:29:57.682864,BELE-001,Perfume Natura Essencial,Beleza,1,201.35,0.0,201.35,105.44,ECOMMERCE,CONCLUIDA,PIX,1,VND048,
97,PED-20251031-000097,93263060546,2025-10-31T04:12:57.682864,2025-11-05T04:12:57.682864,ELET-004,Fone JBL Tune 760NC,Eletrônicos,1,575.59,0.0,575.59,323.46,ECOMMERCE,CONCLUIDA,CARTAO_DEBITO,1,VND005,
98,PED-20250623-000098,71534514805,2025-06-23T04:27:57.682864,2025-06-29T04:27:57.682864,VEST-002,Vestido Social Feminino,Vestuário,1,163.6,0.0,163.6,66.75,ECOMMERCE,CONCLUIDA,CARTAO_DEBITO,1,VND018,
99,PED-20251018-000099,89729244740,2025-10-18T09:06:57.682864,,CASA-001,Cafeteira Nespresso Essenza,Casa,1,589.6,0.0,589.6,384.4,ECOMMERCE,PENDENTE,BOLETO,1,VND016,
100,PED-20251216-000100,91292648473,2025-12-16T10:15:57.682864,2025-12-23T10:15:57.682864,CALC-001,Tênis Nike Air Max 270,Calçados,1,765.66,0.0,765.66,400.39,LOJA_FISICA,CONCLUIDA,BOLETO,1,VND048,LOJA16
101,PED-20250717-000101,96505235701,2025-07-17T11:32:57.682864,2025-07-24T11:32:57.682864,CALC-001,Tênis Nike Air Max 270,Calçados,2,640.41,256.16,1024.66,707.08,ECOMMERCE,CONCLUIDA,PIX,1,VND013,
102,PED-20260310-000102,71878662082,2026-03-10T03:56:57.682864,2026-03-16T03:56:57.682864,ELET-001,Smartphone Samsung Galaxy A54,Eletrônicos,1,1645.15,164.52,1480.63,651.5,ECOMMERCE,CONCLUIDA,PIX,1,VND013,
103,PED-20260207-000103,34356977173,2026-02-07T02:41:57.682864,2026-02-10T02:41:57.682864,CASA-002,Aspirador Robô iRobot,Casa,1,2975.01,0.0,2975.01,1286.17,LOJA_FISICA,CONCLUIDA,BOLETO,1,VND027,LOJA14
104,PED-20251023-000104,84230393407,2025-10-23T03:58:57.682864,2025-11-01T03:58:57.682864,ALIM-001,Kit Chocolate Belga Importado,Alimentação,1,107.85,0.0,107.85,77.37,TELEVENDAS,CONCLUIDA,BOLETO,1,VND039,
105,PED-20250428-000105,90480458863,2025-04-28T11:34:57.682864,2025-05-03T11:34:57.682864,ALIM-001,Kit Chocolate Belga Importado,Alimentação,1,117.61,11.76,105.85,46.66,TELEVENDAS,CONCLUIDA,PIX,1,VND003,
106,PED-20251026-000106,50159279836,2025-10-26T12:14:57.682864,,CASA-001,Cafeteira Nespresso Essenza,Casa,1,652.93,0.0,652.93,297.45,LOJA_FISICA,CANCELADA,CARTAO_CREDITO,3,VND023,LOJA05
107,PED-20250530-000107,55417338044,2025-05-30T08:17:57.682864,,BELE-001,Perfume Natura Essencial,Beleza,1,162.96,0.0,162.96,70.81,LOJA_FISICA,CANCELADA,BOLETO,1,VND046,LOJA02
108,PED-20250606-000108,28791157447,2025-06-06T10:30:57.682864,2025-06-16T10:30:57.682864,ELET-002,Notebook Dell Inspiron 15,Eletrônicos,1,3620.47,0.0,3620.47,2702.15,LOJA_FISICA,CONCLUIDA,PIX,1,VND022,LOJA06
109,PED-20251105-000109,05254000600,2025-11-05T04:25:57.682864,2025-11-15T04:25:57.682864,ELET-001,Smartphone Samsung Galaxy A54,Eletrônicos,2,1672.25,0.0,3344.5,2486.61,ECOMMERCE,CONCLUIDA,PIX,1,VND013,
110,PED-20250718-000110,91292648473,2025-07-18T14:08:57.682864,2025-07-26T14:08:57.682864,VEST-001,Camiseta Polo Masculina,Vestuário,1,130.06,0.0,130.06,71.67,LOJA_FISICA,CONCLUIDA,CARTAO_CREDITO,1,VND040,LOJA19
111,PED-20260121-000111,93263060546,2026-01-21T06:17:57.682864,2026-01-24T06:17:57.682864,CALC-001,Tênis Nike Air Max 270,Calçados,1,884.96,176.99,707.97,511.73,TELEVENDAS,CONCLUIDA,CARTAO_CREDITO,1,VND031,
112,PED-20260201-000112,24530593606,2026-02-01T13:32:57.682864,2026-02-09T13:32:57.682864,LIVR-001,Livro - O Poder do Hábito,Livros,1,53.04,0.0,53.04,31.22,ECOMMERCE,CONCLUIDA,CARTAO_CREDITO,1,VND041,
113,PED-20250506-000113,63814684753,2025-05-06T12:24:57.682864,2025-05-14T12:24:57.682864,ESPO-001,Bicicleta Caloi 21 Marchas,Esportes,3,1179.97,0.0,3539.91,1589.67,ECOMMERCE,CONCLUIDA,BOLETO,1,VND004,
114,PED-20250803-000114,57952837117,2025-08-03T15:39:57.682864,2025-08-08T15:39:57.682864,VEST-002,Vestido Social Feminino,Vestuário,1,372.1,18.61,353.49,206.84,ECOMMERCE,CONCLUIDA,CARTAO_CREDITO,1,VND010,
115,PED-20250420-000115,44034403128,2025-04-20T14:19:57.682864,2025-04-25T14:19:57.682864,CASA-001,Cafeteira Nespresso Essenza,Casa,1,473.85,94.77,379.08,202.74,APP_MOBILE,CONCLUIDA,CARTAO_CREDITO,12,VND036,
116,PED-20250920-000116,17948442367,2025-09-20T12:24:57.682864,2025-09-25T12:24:57.682864,ELET-002,Notebook Dell Inspiron 15,Eletrônicos,1,2961.0,0.0,2961.0,1335.75,ECOMMERCE,CONCLUIDA,BOLETO,1,VND008,
117,PED-20250724-000117,63724858426,2025-07-24T09:46:57.682864,2025-07-31T09:46:57.682864,BELE-001,Perfume Natura Essencial,Beleza,1,218.17,0.0,218.17,114.1,ECOMMERCE,CONCLUIDA,CARTAO_CREDITO,1,VND014,
118,PED-20250416-000118,60159461057,2025-04-16T13:59:57.682864,2025-04-20T13:59:57.682864,BELE-001,Perfume Natura Essencial,Beleza,1,133.02,0.0,133.02,65.23,APP_MOBILE,CONCLUIDA,PIX,1,VND009,
119,PED-20260222-000119,77008267142,2026-02-22T03:26:57.682864,2026-03-04T03:26:57.682864,ELET-002,Notebook Dell Inspiron 15,Eletrônicos,1,3424.24,0.0,3424.24,1708.37,APP_MOBILE,CONCLUIDA,BOLETO,1,VND016,
120,PED-20250813-000120,82425154922,2025-08-13T04:30:57.682864,2025-08-18T04:30:57.682864,VEST-001,Camiseta Polo Masculina,Vestuário,2,102.98,0.0,205.96,95.49,ECOMMERCE,CONCLUIDA,BOLETO,1,VND042,
121,PED-20250413-000121,50006890032,2025-04-13T02:00:57.682864,2025-04-17T02:00:57.682864,VEST-001,Camiseta Polo Masculina,Vestuário,1,170.29,0.0,170.29,110.58,ECOMMERCE,CONCLUIDA,CARTAO_CREDITO,1,VND037,
122,PED-20250627-000122,14897305837,2025-06-27T04:48:57.682864,,CALC-001,Tênis Nike Air Max 270,Calçados,2,529.37,0.0,1058.74,748.01,LOJA_FISICA,CANCELADA,CARTAO_CREDITO,3,VND007,LOJA12
123,PED-20250906-000123,28740709124,2025-09-06T07:24:57.682864,2025-09-14T07:24:57.682864,ELET-002,Notebook Dell Inspiron 15,Eletrônicos,1,3419.58,0.0,3419.58,1549.47,LOJA_FISICA,CONCLUIDA,PIX,1,VND028,LOJA01
124,PED-20250709-000124,11778064442,2025-07-09T11:55:57.682864,,CASA-002,Aspirador Robô iRobot,Casa,1,2764.6,0.0,2764.6,1666.19,ECOMMERCE,PENDENTE,CARTAO_CREDITO,1,VND036,
125,PED-20250629-000125,51238477909,2025-06-29T06:29:57.682864,2025-07-09T06:29:57.682864,ELET-002,Notebook Dell Inspiron 15,Eletrônicos,1,4238.45,0.0,4238.45,2036.22,APP_MOBILE,CONCLUIDA,CARTAO_CREDITO,12,VND041,
126,PED-20250914-000126,54729806409,2025-09-14T06:13:57.682864,2025-09-18T06:13:57.682864,BELE-001,Perfume Natura Essencial,Beleza,1,185.64,0.0,185.64,111.19,TELEVENDAS,CONCLUIDA,BOLETO,1,VND036,
127,PED-20250528-000127,60437942503,2025-05-28T13:32:57.682864,2025-06-04T13:32:57.682864,ELET-002,Notebook Dell Inspiron 15,Eletrônicos,1,3825.39,573.81,3251.58,1657.77,LOJA_FISICA,CONCLUIDA,CARTAO_CREDITO,3,VND026,LOJA08
128,PED-20250901-000128,77008267142,2025-09-01T08:21:57.682864,2025-09-09T08:21:57.682864,ALIM-001,Kit Chocolate Belga Importado,Alimentação,1,83.1,8.31,74.79,48.27,APP_MOBILE,CONCLUIDA,CARTAO_CREDITO,1,VND041,
129,PED-20260204-000129,10594569311,2026-02-04T09:30:57.682864,2026-02-13T09:30:57.682864,CASA-001,Cafeteira Nespresso Essenza,Casa,1,435.76,0.0,435.76,278.5,ECOMMERCE,CONCLUIDA,BOLETO,1,VND028,
130,PED-20250915-000130,16148393018,2025-09-15T10:52:57.682864,2025-09-25T10:52:57.682864,ELET-005,iPad Air 5ª Geração,Eletrônicos,1,6266.7,0.0,6266.7,2694.42,LOJA_FISICA,CONCLUIDA,CARTAO_CREDITO,3,VND035,LOJA20
131,PED-20250424-000131,65911695715,2025-04-24T05:50:57.682864,2025-04-28T05:50:57.682864,CASA-002,Aspirador Robô iRobot,Casa,1,2994.07,0.0,2994.07,1941.64,TELEVENDAS,CONCLUIDA,CARTAO_DEBITO,1,VND032,
132,PED-20251215-000132,69450324859,2025-12-15T15:28:57.682864,,CALC-001,Tênis Nike Air Max 270,Calçados,1,529.17,0.0,529.17,295.06,ECOMMERCE,CANCELADA,CARTAO_CREDITO,3,VND013,
133,PED-20250913-000133,30261290380,2025-09-13T14:26:57.682864,2025-09-20T14:26:57.682864,CALC-002,Bota Couro Timberland,Calçados,1,634.99,63.5,571.49,292.18,ECOMMERCE,CONCLUIDA,CARTAO_CREDITO,3,VND007,
134,PED-20250527-000134,02719310352,2025-05-27T08:50:57.682864,2025-06-05T08:50:57.682864,ELET-003,"Smart TV 55"" LG OLED",Eletrônicos,1,3825.2,0.0,3825.2,2097.81,LOJA_FISICA,CONCLUIDA,CARTAO_CREDITO,3,VND008,LOJA02
135,PED-20250603-000135,96815399907,2025-06-03T04:38:57.682864,2025-06-09T04:38:57.682864,VEST-001,Camiseta Polo Masculina,Vestuário,1,101.24,5.06,96.18,39.63,LOJA_FISICA,CONCLUIDA,CARTAO_CREDITO,1,VND030,LOJA10
136,PED-20250823-000136,84515949306,2025-08-23T01:50:57.682864,2025-08-26T01:50:57.682864,ELET-003,"Smart TV 55"" LG OLED",Eletrônicos,1,6817.08,0.0,6817.08,3690.36,TELEVENDAS,DEVOLVIDA,CARTAO_DEBITO,1,VND037,
137,PED-20250807-000137,38870841448,2025-08-07T07:36:57.682864,2025-08-17T07:36:57.682864,CASA-002,Aspirador Robô iRobot,Casa,3,3321.83,0.0,9965.49,5920.71,ECOMMERCE,CONCLUIDA,PIX,1,VND022,
138,PED-20251022-000138,66460032629,2025-10-22T09:43:57.682864,2025-10-28T09:43:57.682864,CASA-001,Cafeteira Nespresso Essenza,Casa,2,523.36,0.0,1046.72,509.1,ECOMMERCE,CONCLUIDA,CARTAO_CREDITO,6,VND019,
139,PED-20250725-000139,02403164879,2025-07-25T05:47:57.682864,2025-07-28T05:47:57.682864,CALC-001,Tênis Nike Air Max 270,Calçados,1,725.73,0.0,725.73,497.92,LOJA_FISICA,CONCLUIDA,BOLETO,1,VND037,LOJA18
140,PED-20251219-000140,24530593606,2025-12-19T01:59:57.682864,2025-12-23T01:59:57.682864,ALIM-001,Kit Chocolate Belga Importado,Alimentação,1,101.97,0.0,101.97,68.99,LOJA_FISICA,CONCLUIDA,PIX,1,VND023,LOJA16
141,PED-20250514-000141,71534514805,2025-05-14T08:18:57.682864,2025-05-24T08:18:57.682864,CALC-001,Tênis Nike Air Max 270,Calçados,1,683.33,68.33,615.0,296.51,ECOMMERCE,CONCLUIDA,CARTAO_CREDITO,2,VND041,
142,PED-20250428-000142,09601751726,2025-04-28T02:25:57.682864,2025-05-07T02:25:57.682864,CALC-001,Tênis Nike Air Max 270,Calçados,1,689.85,137.97,551.88,374.32,APP_MOBILE,CONCLUIDA,CARTAO_CREDITO,2,VND010,
143,PED-20250424-000143,40493641742,2025-04-24T13:58:57.682864,2025-05-01T13:58:57.682864,ELET-002,Notebook Dell Inspiron 15,Eletrônicos,1,3965.16,0.0,3965.16,2070.45,ECOMMERCE,CONCLUIDA,PIX,1,VND043,
144,PED-20250429-000144,68248770508,2025-04-29T04:36:57.682864,2025-05-03T04:36:57.682864,BELE-001,Perfume Natura Essencial,Beleza,1,176.23,26.43,149.8,112.22,LOJA_FISICA,CONCLUIDA,BOLETO,1,VND034,LOJA08
145,PED-20250628-000145,26765674039,2025-06-28T05:02:57.682864,2025-07-02T05:02:57.682864,ELET-002,Notebook Dell Inspiron 15,Eletrônicos,1,3788.1,378.81,3409.29,1404.96,APP_MOBILE,CONCLUIDA,PIX,1,VND028,
146,PED-20250622-000146,31913673499,2025-06-22T14:05:57.682864,2025-06-28T14:05:57.682864,CALC-001,Tênis Nike Air Max 270,Calçados,1,829.35,0.0,829.35,530.46,ECOMMERCE,CONCLUIDA,CARTAO_DEBITO,1,VND030,
147,PED-20250423-000147,94288084580,2025-04-23T13:30:57.682864,2025-04-28T13:30:57.682864,BELE-001,Perfume Natura Essencial,Beleza,1,267.52,0.0,267.52,169.0,LOJA_FISICA,CONCLUIDA,CARTAO_CREDITO,3,VND038,LOJA14
148,PED-20250504-000148,71878662082,2025-05-04T11:26:57.682864,,CASA-002,Aspirador Robô iRobot,Casa,2,2469.94,493.99,4445.89,1865.65,ECOMMERCE,CANCELADA,BOLETO,1,VND040,
149,PED-20250705-000149,40539595195,2025-07-05T10:46:57.682864,2025-07-11T10:46:57.682864,ELET-002,Notebook Dell Inspiron 15,Eletrônicos,1,3923.73,0.0,3923.73,1627.22,ECOMMERCE,CONCLUIDA,CARTAO_CREDITO,6,VND044,
150,PED-20250816-000150,51238477909,2025-08-16T09:38:57.682864,2025-08-23T09:38:57.682864,ELET-001,Smartphone Samsung Galaxy A54,Eletrônicos,1,2001.97,0.0,2001.97,1318.58,LOJA_FISICA,CONCLUIDA,CARTAO_CREDITO,2,VND021,LOJA13
151,PED-20251230-000151,94239531233,2025-12-30T13:50:57.682864,2026-01-07T13:50:57.682864,ESPO-001,Bicicleta Caloi 21 Marchas,Esportes,1,1391.93,0.0,1391.93,817.23,APP_MOBILE,CONCLUIDA,BOLETO,1,VND013,
152,PED-20250622-000152,27291186838,2025-06-22T09:33:57.682864,2025-07-02T09:33:57.682864,ELET-001,Smartphone Samsung Galaxy A54,Eletrônicos,2,1470.9,0.0,2941.8,1517.02,ECOMMERCE,CONCLUIDA,CARTAO_DEBITO,1,VND044,
153,PED-20251202-000153,62513572408,2025-12-02T09:06:57.682864,2025-12-10T09:06:57.682864,CASA-001,Cafeteira Nespresso Essenza,Casa,1,661.32,0.0,661.32,369.97,LOJA_FISICA,CONCLUIDA,CARTAO_CREDITO,12,VND049,LOJA08
154,PED-20250417-000154,41474669662,2025-04-17T14:05:57.682864,2025-04-23T14:05:57.682864,ELET-003,"Smart TV 55"" LG OLED",Eletrônicos,1,4668.92,933.78,3735.14,1760.05,ECOMMERCE,CONCLUIDA,PIX,1,VND012,
155,PED-20251006-000155,40539595195,2025-10-06T15:22:57.682864,2025-10-13T15:22:57.682864,ELET-003,"Smart TV 55"" LG OLED",Eletrônicos,1,4052.57,0.0,4052.57,2015.8,LOJA_FISICA,CONCLUIDA,CARTAO_DEBITO,1,VND020,LOJA10
156,PED-20250812-000156,91292648473,2025-08-12T07:09:57.682864,,VEST-001,Camiseta Polo Masculina,Vestuário,1,96.13,0.0,96.13,41.77,ECOMMERCE,CANCELADA,CARTAO_CREDITO,1,VND010,
157,PED-20250429-000157,90480458863,2025-04-29T02:31:57.682864,2025-05-06T02:31:57.682864,ELET-001,Smartphone Samsung Galaxy A54,Eletrônicos,2,2112.8,0.0,4225.6,1810.59,LOJA_FISICA,CONCLUIDA,CARTAO_CREDITO,3,VND041,LOJA09
158,PED-20251107-000158,71878662082,2025-11-07T15:47:57.682864,2025-11-12T15:47:57.682864,CALC-001,Tênis Nike Air Max 270,Calçados,1,535.96,80.39,455.57,327.95,ECOMMERCE,DEVOLVIDA,CARTAO_CREDITO,2,VND024,
159,PED-20251001-000159,14194886780,2025-10-01T05:02:57.682864,2025-10-08T05:02:57.682864,ALIM-001,Kit Chocolate Belga Importado,Alimentação,1,183.94,27.59,156.35,116.6,TELEVENDAS,CONCLUIDA,BOLETO,1,VND027,
160,PED-20250609-000160,15517097596,2025-06-09T12:57:57.682864,2025-06-19T12:57:57.682864,CASA-001,Cafeteira Nespresso Essenza,Casa,1,463.58,0.0,463.58,291.46,APP_MOBILE,CONCLUIDA,CARTAO_CREDITO,3,VND049,
161,PED-20251014-000161,97785011303,2025-10-14T09:45:57.682864,2025-10-23T09:45:57.682864,LIVR-001,Livro - O Poder do Hábito,Livros,1,57.61,0.0,57.61,30.01,ECOMMERCE,CONCLUIDA,CARTAO_CREDITO,1,VND028,
162,PED-20250606-000162,42684665923,2025-06-06T05:03:57.682864,2025-06-10T05:03:57.682864,CASA-002,Aspirador Robô iRobot,Casa,1,1899.0,0.0,1899.0,1071.82,TELEVENDAS,CONCLUIDA,PIX,1,VND009,
163,PED-20250810-000163,54812693250,2025-08-10T01:22:57.682864,2025-08-17T01:22:57.682864,CASA-001,Cafeteira Nespresso Essenza,Casa,1,400.8,0.0,400.8,225.77,APP_MOBILE,CONCLUIDA,CARTAO_CREDITO,12,VND044,
164,PED-20250630-000164,77767235416,2025-06-30T02:59:57.682864,,CASA-002,Aspirador Robô iRobot,Casa,1,1504.32,75.22,1429.1,864.66,TELEVENDAS,PENDENTE,PIX,1,VND024,
165,PED-20250614-000165,13298320781,2025-06-14T15:51:57.682864,2025-06-24T15:51:57.682864,CALC-001,Tênis Nike Air Max 270,Calçados,1,501.37,50.14,451.23,259.49,TELEVENDAS,CONCLUIDA,PIX,1,VND006,
166,PED-20250621-000166,74239516927,2025-06-21T01:04:57.682864,2025-06-24T01:04:57.682864,ALIM-001,Kit Chocolate Belga Importado,Alimentação,1,179.71,35.94,143.77,92.55,ECOMMERCE,CONCLUIDA,PIX,1,VND027,
167,PED-20250829-000167,05254000600,2025-08-29T06:30:57.682864,2025-09-06T06:30:57.682864,ESPO-001,Bicicleta Caloi 21 Marchas,Esportes,1,1206.11,0.0,1206.11,592.19,LOJA_FISICA,CONCLUIDA,CARTAO_CREDITO,3,VND046,LOJA06
168,PED-20251206-000168,02864143178,2025-12-06T10:21:57.682864,2025-12-12T10:21:57.682864,ELET-002,Notebook Dell Inspiron 15,Eletrônicos,2,4682.65,0.0,9365.3,3867.63,APP_MOBILE,CONCLUIDA,CARTAO_CREDITO,6,VND029,
169,PED-20250526-000169,64324992835,2025-05-26T08:09:57.682864,2025-05-29T08:09:57.682864,ELET-005,iPad Air 5ª Geração,Eletrônicos,1,4842.12,484.21,4357.91,2406.45,ECOMMERCE,CONCLUIDA,CARTAO_CREDITO,1,VND007,
170,PED-20250912-000170,39078545356,2025-09-12T15:12:57.682864,2025-09-15T15:12:57.682864,CASA-002,Aspirador Robô iRobot,Casa,1,2687.24,134.36,2552.88,1058.97,APP_MOBILE,CONCLUIDA,PIX,1,VND022,
171,PED-20251016-000171,29013131247,2025-10-16T02:37:57.682864,,VEST-001,Camiseta Polo Masculina,Vestuário,1,241.7,0.0,241.7,124.89,APP_MOBILE,CANCELADA,PIX,1,VND043,
172,PED-20251028-000172,96815399907,2025-10-28T01:07:57.682864,2025-11-05T01:07:57.682864,CALC-001,Tênis Nike Air Max 270,Calçados,1,675.41,0.0,675.41,279.44,LOJA_FISICA,CONCLUIDA,PIX,1,VND008,LOJA08
173,PED-20250522-000173,20343433958,2025-05-22T06:14:57.682864,2025-05-26T06:14:57.682864,LIVR-001,Livro - O Poder do Hábito,Livros,1,42.2,0.0,42.2,30.67,ECOMMERCE,CONCLUIDA,CARTAO_CREDITO,1,VND033,
174,PED-20250820-000174,96505235701,2025-08-20T04:10:57.682864,2025-08-28T04:10:57.682864,ELET-003,"Smart TV 55"" LG OLED",Eletrônicos,1,5555.1,0.0,5555.1,3334.62,LOJA_FISICA,CONCLUIDA,PIX,1,VND045,LOJA10
175,PED-20250501-000175,82406228525,2025-05-01T10:47:57.682864,2025-05-04T10:47:57.682864,ELET-005,iPad Air 5ª Geração,Eletrônicos,1,5283.05,0.0,5283.05,3789.24,LOJA_FISICA,CONCLUIDA,PIX,1,VND015,LOJA14
176,PED-20251108-000176,28740709124,2025-11-08T08:29:57.682864,,ALIM-001,Kit Chocolate Belga Importado,Alimentação,1,83.13,8.31,74.82,48.99,ECOMMERCE,CANCELADA,CARTAO_DEBITO,1,VND006,
177,PED-20260103-000177,27657790580,2026-01-03T05:53:57.682864,2026-01-07T05:53:57.682864,CALC-002,Bota Couro Timberland,Calçados,1,642.81,32.14,610.67,273.95,ECOMMERCE,CONCLUIDA,CARTAO_DEBITO,1,VND035,
178,PED-20250428-000178,27974535571,2025-04-28T12:23:57.682864,2025-05-05T12:23:57.682864,VEST-001,Camiseta Polo Masculina,Vestuário,1,129.46,0.0,129.46,89.31,TELEVENDAS,CONCLUIDA,CARTAO_CREDITO,1,VND005,
179,PED-20250718-000179,63814684753,2025-07-18T01:11:57.682864,2025-07-21T01:11:57.682864,LIVR-001,Livro - O Poder do Hábito,Livros,1,38.95,0.0,38.95,18.87,APP_MOBILE,CONCLUIDA,PIX,1,VND032,
180,PED-20250720-000180,15517097596,2025-07-20T14:51:57.682864,2025-07-29T14:51:57.682864,CALC-001,Tênis Nike Air Max 270,Calçados,2,501.32,0.0,1002.64,687.47,APP_MOBILE,CONCLUIDA,CARTAO_CREDITO,12,VND037,
181,PED-20251223-000181,47094930062,2025-12-23T02:28:57.682864,2026-01-02T02:28:57.682864,BELE-001,Perfume Natura Essencial,Beleza,1,226.84,0.0,226.84,138.43,LOJA_FISICA,CONCLUIDA,CARTAO_CREDITO,12,VND027,LOJA01
182,PED-20250418-000182,05778359047,2025-04-18T02:06:57.682864,,VEST-002,Vestido Social Feminino,Vestuário,1,260.14,0.0,260.14,119.06,LOJA_FISICA,CANCELADA,BOLETO,1,VND037,LOJA11
183,PED-20250826-000183,50159279836,2025-08-26T06:56:57.682864,2025-09-04T06:56:57.682864,VEST-002,Vestido Social Feminino,Vestuário,2,383.16,0.0,766.32,332.02,LOJA_FISICA,CONCLUIDA,BOLETO,1,VND023,LOJA10
184,PED-20251201-000184,10594569311,2025-12-01T11:36:57.682864,2025-12-11T11:36:57.682864,CASA-001,Cafeteira Nespresso Essenza,Casa,1,504.47,100.89,403.58,247.55,LOJA_FISICA,CONCLUIDA,PIX,1,VND039,LOJA01
185,PED-20250427-000185,18304847884,2025-04-27T05:37:57.682864,2025-05-07T05:37:57.682864,ELET-001,Smartphone Samsung Galaxy A54,Eletrônicos,1,1902.8,95.14,1807.66,896.89,ECOMMERCE,CONCLUIDA,CARTAO_CREDITO,6,VND004,
186,PED-20250509-000186,13298320781,2025-05-09T15:28:57.682864,2025-05-16T15:28:57.682864,CASA-001,Cafeteira Nespresso Essenza,Casa,1,627.2,0.0,627.2,469.9,LOJA_FISICA,CONCLUIDA,BOLETO,1,VND033,LOJA15
187,PED-20250507-000187,60437942503,2025-05-07T04:48:57.682864,2025-05-12T04:48:57.682864,ELET-005,iPad Air 5ª Geração,Eletrônicos,1,4627.94,0.0,4627.94,2030.08,APP_MOBILE,CONCLUIDA,CARTAO_CREDITO,1,VND016,
188,PED-20250911-000188,18843946714,2025-09-11T13:33:57.682864,2025-09-15T13:33:57.682864,ELET-004,Fone JBL Tune 760NC,Eletrônicos,1,592.91,0.0,592.91,288.73,ECOMMERCE,CONCLUIDA,CARTAO_CREDITO,2,VND026,
189,PED-20251021-000189,73968443047,2025-10-21T14:03:57.682864,2025-10-24T14:03:57.682864,ELET-003,"Smart TV 55"" LG OLED",Eletrônicos,1,4685.12,0.0,4685.12,2324.13,LOJA_FISICA,CONCLUIDA,CARTAO_CREDITO,12,VND023,LOJA09
190,PED-20250810-000190,02719310352,2025-08-10T11:42:57.682864,2025-08-17T11:42:57.682864,CASA-002,Aspirador Robô iRobot,Casa,1,2189.05,437.81,1751.24,892.99,ECOMMERCE,CONCLUIDA,PIX,1,VND021,
191,PED-20250831-000191,00154165930,2025-08-31T15:13:57.682864,2025-09-03T15:13:57.682864,ELET-003,"Smart TV 55"" LG OLED",Eletrônicos,1,4084.7,0.0,4084.7,3026.3,APP_MOBILE,CONCLUIDA,PIX,1,VND024,
192,PED-20251022-000192,63724858426,2025-10-22T05:20:57.682864,2025-11-01T05:20:57.682864,CALC-002,Bota Couro Timberland,Calçados,1,1198.15,0.0,1198.15,644.73,ECOMMERCE,CONCLUIDA,PIX,1,VND046,
193,PED-20250925-000193,13298320781,2025-09-25T09:48:57.682864,,CASA-001,Cafeteira Nespresso Essenza,Casa,1,617.92,0.0,617.92,299.53,ECOMMERCE,CANCELADA,PIX,1,VND050,
194,PED-20251226-000194,04433772003,2025-12-26T03:42:57.682864,2025-12-30T03:42:57.682864,CASA-002,Aspirador Robô iRobot,Casa,1,1958.96,391.79,1567.17,794.62,ECOMMERCE,CONCLUIDA,CARTAO_DEBITO,1,VND032,
195,PED-20250420-000195,59150508830,2025-04-20T15:46:57.682864,2025-04-29T15:46:57.682864,CALC-001,Tênis Nike Air Max 270,Calçados,1,733.29,0.0,733.29,483.13,ECOMMERCE,DEVOLVIDA,CARTAO_CREDITO,6,VND030,
196,PED-20250701-000196,73968443047,2025-07-01T02:22:57.682864,2025-07-07T02:22:57.682864,ESPO-001,Bicicleta Caloi 21 Marchas,Esportes,1,1553.91,233.09,1320.82,649.65,LOJA_FISICA,CONCLUIDA,CARTAO_DEBITO,1,VND037,LOJA10
197,PED-20250508-000197,24824467594,2025-05-08T14:25:57.682864,2025-05-14T14:25:57.682864,ELET-004,Fone JBL Tune 760NC,Eletrônicos,1,388.4,0.0,388.4,215.22,LOJA_FISICA,CONCLUIDA,CARTAO_DEBITO,1,VND017,LOJA11
198,PED-20251222-000198,49016814949,2025-12-22T13:20:57.682864,,CALC-001,Tênis Nike Air Max 270,Calçados,1,773.93,116.09,657.84,440.86,ECOMMERCE,CANCELADA,CARTAO_CREDITO,1,VND040,
199,PED-20250604-000199,65911695715,2025-06-04T08:48:57.682864,2025-06-07T08:48:57.682864,ELET-003,"Smart TV 55"" LG OLED",Eletrônicos,1,4824.08,0.0,4824.08,2212.36,ECOMMERCE,CONCLUIDA,BOLETO,1,VND032,
200,PED-20250421-000200,10594569311,2025-04-21T06:16:57.682864,2025-04-28T06:16:57.682864,ELET-005,iPad Air 5ª Geração,Eletrônicos,2,6580.81,658.08,12503.54,5116.48,ECOMMERCE,CONCLUIDA,CARTAO_DEBITO,1,VND044,
201,PED-20250717-000201,98864731857,2025-07-17T11:24:57.682864,2025-07-23T11:24:57.682864,ELET-001,Smartphone Samsung Galaxy A54,Eletrônicos,1,1559.69,0.0,1559.69,834.31,LOJA_FISICA,CONCLUIDA,CARTAO_CREDITO,12,VND018,LOJA15
202,PED-20251007-000202,61463985860,2025-10-07T04:29:57.682864,2025-10-13T04:29:57.682864,BELE-001,Perfume Natura Essencial,Beleza,1,149.54,29.91,119.63,74.19,APP_MOBILE,CONCLUIDA,CARTAO_CREDITO,1,VND026,
203,PED-20250807-000203,60437942503,2025-08-07T11:02:57.682864,2025-08-12T11:02:57.682864,ELET-001,Smartphone Samsung Galaxy A54,Eletrônicos,1,1243.65,0.0,1243.65,500.6,ECOMMERCE,CONCLUIDA,PIX,1,VND006,
204,PED-20250416-000204,92639285688,2025-04-16T13:08:57.682864,2025-04-22T13:08:57.682864,ESPO-001,Bicicleta Caloi 21 Marchas,Esportes,1,1568.87,78.44,1490.43,1050.47,ECOMMERCE,CONCLUIDA,CARTAO_DEBITO,1,VND028,
205,PED-20250615-000205,99211431581,2025-06-15T09:31:57.682864,2025-06-20T09:31:57.682864,LIVR-001,Livro - O Poder do Hábito,Livros,1,51.5,0.0,51.5,33.75,LOJA_FISICA,CONCLUIDA,CARTAO_CREDITO,1,VND003,LOJA01
206,PED-20250429-000206,32321228687,2025-04-29T06:36:57.682864,2025-05-07T06:36:57.682864,ELET-002,Notebook Dell Inspiron 15,Eletrônicos,2,4290.68,0.0,8581.36,4137.92,LOJA_FISICA,CONCLUIDA,CARTAO_DEBITO,1,VND033,LOJA09
207,PED-20250519-000207,79862588705,2025-05-19T14:18:57.682864,2025-05-27T14:18:57.682864,CALC-001,Tênis Nike Air Max 270,Calçados,1,660.11,0.0,660.11,330.12,LOJA_FISICA,CONCLUIDA,CARTAO_DEBITO,1,VND012,LOJA07
208,PED-20250503-000208,82100404806,2025-05-03T15:48:57.682864,2025-05-07T15:48:57.682864,ELET-001,Smartphone Samsung Galaxy A54,Eletrônicos,1,2033.79,0.0,2033.79,1066.49,LOJA_FISICA,CONCLUIDA,PIX,1,VND050,LOJA02
209,PED-20250428-000209,54577170035,2025-04-28T04:05:57.682864,,ELET-001,Smartphone Samsung Galaxy A54,Eletrônicos,1,1407.16,0.0,1407.16,1024.93,ECOMMERCE,CANCELADA,CARTAO_CREDITO,2,VND030,
210,PED-20250505-000210,97785011303,2025-05-05T13:38:57.682864,,ELET-003,"Smart TV 55"" LG OLED",Eletrônicos,1,5554.42,0.0,5554.42,4140.38,APP_MOBILE,CANCELADA,PIX,1,VND011,
211,PED-20250824-000211,41474669662,2025-08-24T07:18:57.682864,,CALC-001,Tênis Nike Air Max 270,Calçados,1,858.23,0.0,858.23,345.91,APP_MOBILE,CANCELADA,CARTAO_CREDITO,3,VND044,
212,PED-20250804-000212,67597252200,2025-08-04T09:18:57.682864,2025-08-14T09:18:57.682864,CASA-002,Aspirador Robô iRobot,Casa,1,1635.78,0.0,1635.78,719.46,ECOMMERCE,CONCLUIDA,BOLETO,1,VND004,
213,PED-20250821-000213,06124115670,2025-08-21T09:09:57.682864,2025-08-24T09:09:57.682864,ESPO-001,Bicicleta Caloi 21 Marchas,Esportes,1,1538.15,0.0,1538.15,1150.79,ECOMMERCE,CONCLUIDA,CARTAO_CREDITO,6,VND028,
214,PED-20250913-000214,32321228687,2025-09-13T01:03:57.682864,2025-09-20T01:03:57.682864,CALC-002,Bota Couro Timberland,Calçados,1,708.54,0.0,708.54,431.84,ECOMMERCE,CONCLUIDA,CARTAO_DEBITO,1,VND049,
215,PED-20251007-000215,31514361965,2025-10-07T13:11:57.682864,2025-10-17T13:11:57.682864,ESPO-001,Bicicleta Caloi 21 Marchas,Esportes,1,1854.41,0.0,1854.41,1281.29,LOJA_FISICA,CONCLUIDA,PIX,1,VND050,LOJA15
216,PED-20250423-000216,57952837117,2025-04-23T14:30:57.682864,2025-04-26T14:30:57.682864,CASA-001,Cafeteira Nespresso Essenza,Casa,1,443.31,0.0,443.31,229.5,LOJA_FISICA,CONCLUIDA,CARTAO_CREDITO,2,VND020,LOJA09
217,PED-20250723-000217,49016814949,2025-07-23T02:08:57.682864,2025-07-30T02:08:57.682864,ELET-003,"Smart TV 55"" LG OLED",Eletrônicos,1,3895.65,0.0,3895.65,1969.28,LOJA_FISICA,CONCLUIDA,CARTAO_CREDITO,3,VND007,LOJA07
218,PED-20250425-000218,60159461057,2025-04-25T05:29:57.682864,2025-05-03T05:29:57.682864,CALC-001,Tênis Nike Air Max 270,Calçados,1,874.36,0.0,874.36,392.47,TELEVENDAS,CONCLUIDA,CARTAO_CREDITO,3,VND016,
219,PED-20260327-000219,02864143178,2026-03-27T10:28:57.682864,2026-03-30T10:28:57.682864,ALIM-001,Kit Chocolate Belga Importado,Alimentação,1,188.9,0.0,188.9,81.95,TELEVENDAS,CONCLUIDA,BOLETO,1,VND034,
220,PED-20250731-000220,96505235701,2025-07-31T09:37:57.682864,2025-08-06T09:37:57.682864,CASA-001,Cafeteira Nespresso Essenza,Casa,1,576.66,0.0,576.66,232.15,ECOMMERCE,CONCLUIDA,BOLETO,1,VND050,
221,PED-20250908-000221,28740709124,2025-09-08T06:03:57.682864,2025-09-15T06:03:57.682864,LIVR-001,Livro - O Poder do Hábito,Livros,1,58.79,0.0,58.79,38.22,ECOMMERCE,CONCLUIDA,CARTAO_CREDITO,1,VND005,
222,PED-20250722-000222,14897305837,2025-07-22T11:34:57.682864,2025-07-25T11:34:57.682864,ELET-001,Smartphone Samsung Galaxy A54,Eletrônicos,1,1299.17,64.96,1234.21,534.74,APP_MOBILE,CONCLUIDA,PIX,1,VND035,
223,PED-20250812-000223,99663934808,2025-08-12T11:31:57.682864,2025-08-19T11:31:57.682864,ELET-002,Notebook Dell Inspiron 15,Eletrônicos,1,3138.28,0.0,3138.28,2005.29,LOJA_FISICA,CONCLUIDA,PIX,1,VND049,LOJA09
224,PED-20251028-000224,39078545356,2025-10-28T06:15:57.682864,2025-11-02T06:15:57.682864,ELET-003,"Smart TV 55"" LG OLED",Eletrônicos,1,4093.16,0.0,4093.16,2190.58,LOJA_FISICA,CONCLUIDA,CARTAO_CREDITO,3,VND023,LOJA15
225,PED-20251107-000225,09601751726,2025-11-07T04:37:57.682864,2025-11-14T04:37:57.682864,ALIM-001,Kit Chocolate Belga Importado,Alimentação,1,189.55,0.0,189.55,102.98,ECOMMERCE,CONCLUIDA,PIX,1,VND041,
226,PED-20250702-000226,03812571692,2025-07-02T05:46:57.682864,2025-07-05T05:46:57.682864,BELE-001,Perfume Natura Essencial,Beleza,1,246.3,24.63,221.67,112.14,ECOMMERCE,CONCLUIDA,CARTAO_CREDITO,2,VND011,
227,PED-20250417-000227,29220432900,2025-04-17T14:24:57.682864,2025-04-25T14:24:57.682864,VEST-002,Vestido Social Feminino,Vestuário,1,426.65,64.0,362.65,195.75,APP_MOBILE,CONCLUIDA,CARTAO_DEBITO,1,VND035,
228,PED-20250524-000228,85270405814,2025-05-24T15:39:57.682864,,CALC-002,Bota Couro Timberland,Calçados,1,707.51,0.0,707.51,424.23,LOJA_FISICA,CANCELADA,BOLETO,1,VND002,LOJA14
229,PED-20250609-000229,45049569427,2025-06-09T12:15:57.682864,,ELET-005,iPad Air 5ª Geração,Eletrônicos,1,5087.67,0.0,5087.67,2578.32,ECOMMERCE,CANCELADA,CARTAO_CREDITO,1,VND025,
230,PED-20251128-000230,02630961141,2025-11-28T08:48:57.682864,,ESPO-001,Bicicleta Caloi 21 Marchas,Esportes,1,1946.26,194.63,1751.63,886.13,ECOMMERCE,CANCELADA,CARTAO_CREDITO,3,VND027,
231,PED-20250621-000231,64602508804,2025-06-21T04:28:57.682864,2025-06-30T04:28:57.682864,LIVR-001,Livro - O Poder do Hábito,Livros,1,48.06,2.4,45.66,27.55,ECOMMERCE,CONCLUIDA,CARTAO_CREDITO,1,VND019,
232,PED-20250705-000232,35884589565,2025-07-05T11:51:57.682864,,ESPO-001,Bicicleta Caloi 21 Marchas,Esportes,1,1756.97,263.55,1493.42,803.19,ECOMMERCE,CANCELADA,CARTAO_CREDITO,2,VND020,
233,PED-20250713-000233,61310895155,2025-07-13T08:46:57.682864,2025-07-22T08:46:57.682864,LIVR-001,Livro - O Poder do Hábito,Livros,1,53.53,0.0,53.53,36.88,ECOMMERCE,CONCLUIDA,BOLETO,1,VND005,
234,PED-20250809-000234,40043074731,2025-08-09T14:31:57.682864,2025-08-18T14:31:57.682864,ESPO-001,Bicicleta Caloi 21 Marchas,Esportes,1,1193.24,178.99,1014.25,466.19,ECOMMERCE,CONCLUIDA,CARTAO_CREDITO,1,VND001,
235,PED-20251229-000235,66460032629,2025-12-29T06:42:57.682864,2026-01-04T06:42:57.682864,ELET-005,iPad Air 5ª Geração,Eletrônicos,1,6828.83,0.0,6828.83,4857.49,TELEVENDAS,CONCLUIDA,CARTAO_CREDITO,6,VND008,
236,PED-20250527-000236,01677527234,2025-05-27T13:28:57.682864,2025-05-31T13:28:57.682864,ELET-002,Notebook Dell Inspiron 15,Eletrônicos,1,4551.42,0.0,4551.42,2501.76,ECOMMERCE,CONCLUIDA,CARTAO_CREDITO,1,VND042,
237,PED-20250608-000237,65698611157,2025-06-08T11:55:57.682864,2025-06-16T11:55:57.682864,ELET-003,"Smart TV 55"" LG OLED",Eletrônicos,1,4747.09,0.0,4747.09,2763.15,APP_MOBILE,DEVOLVIDA,PIX,1,VND030,
238,PED-20260219-000238,07133496623,2026-02-19T04:46:57.682864,2026-02-23T04:46:57.682864,VEST-002,Vestido Social Feminino,Vestuário,1,210.63,21.06,189.57,96.22,ECOMMERCE,CONCLUIDA,CARTAO_DEBITO,1,VND024,
239,PED-20250804-000239,54568602955,2025-08-04T05:24:57.682864,2025-08-13T05:24:57.682864,ALIM-001,Kit Chocolate Belga Importado,Alimentação,1,152.53,0.0,152.53,109.49,ECOMMERCE,CONCLUIDA,CARTAO_CREDITO,1,VND002,
240,PED-20250911-000240,79199563231,2025-09-11T14:42:57.682864,2025-09-15T14:42:57.682864,ELET-002,Notebook Dell Inspiron 15,Eletrônicos,1,3081.85,616.37,2465.48,1074.53,ECOMMERCE,CONCLUIDA,PIX,1,VND040,
241,PED-20250918-000241,40276164300,2025-09-18T15:00:57.682864,2025-09-25T15:00:57.682864,ELET-002,Notebook Dell Inspiron 15,Eletrônicos,1,4510.44,0.0,4510.44,2397.87,ECOMMERCE,CONCLUIDA,BOLETO,1,VND004,
242,PED-20250619-000242,80236337246,2025-06-19T01:26:57.682864,2025-06-24T01:26:57.682864,ESPO-001,Bicicleta Caloi 21 Marchas,Esportes,1,1924.95,0.0,1924.95,1013.48,APP_MOBILE,CONCLUIDA,PIX,1,VND002,
243,PED-20250831-000243,71534514805,2025-08-31T14:39:57.682864,2025-09-07T14:39:57.682864,ELET-004,Fone JBL Tune 760NC,Eletrônicos,2,561.34,0.0,1122.68,522.22,ECOMMERCE,DEVOLVIDA,BOLETO,1,VND045,
244,PED-20250415-000244,51238477909,2025-04-15T09:15:57.682864,2025-04-22T09:15:57.682864,ELET-003,"Smart TV 55"" LG OLED",Eletrônicos,1,5158.05,0.0,5158.05,3112.98,ECOMMERCE,CONCLUIDA,CARTAO_CREDITO,12,VND041,
245,PED-20250724-000245,56825739352,2025-07-24T10:59:57.682864,2025-08-03T10:59:57.682864,CASA-001,Cafeteira Nespresso Essenza,Casa,1,601.35,0.0,601.35,295.59,ECOMMERCE,CONCLUIDA,PIX,1,VND001,
246,PED-20251126-000246,69450324859,2025-11-26T04:57:57.682864,2025-11-30T04:57:57.682864,LIVR-001,Livro - O Poder do Hábito,Livros,1,55.34,5.53,49.81,20.91,ECOMMERCE,CONCLUIDA,BOLETO,1,VND048,
247,PED-20250923-000247,31913673499,2025-09-23T12:54:57.682864,2025-09-29T12:54:57.682864,ELET-001,Smartphone Samsung Galaxy A54,Eletrônicos,1,1419.12,283.82,1135.3,468.0,ECOMMERCE,CONCLUIDA,CARTAO_CREDITO,1,VND023,
248,PED-20250716-000248,80832357170,2025-07-16T09:54:57.682864,2025-07-20T09:54:57.682864,CALC-001,Tênis Nike Air Max 270,Calçados,1,777.3,0.0,777.3,391.45,ECOMMERCE,CONCLUIDA,PIX,1,VND014,
249,PED-20250615-000249,11778064442,2025-06-15T05:32:57.682864,2025-06-21T05:32:57.682864,CALC-001,Tênis Nike Air Max 270,Calçados,1,835.63,125.34,710.29,431.66,LOJA_FISICA,CONCLUIDA,BOLETO,1,VND022,LOJA11
250,PED-20251210-000250,62513572408,2025-12-10T07:06:57.682864,2025-12-20T07:06:57.682864,ALIM-001,Kit Chocolate Belga Importado,Alimentação,1,99.25,0.0,99.25,72.94,LOJA_FISICA,CONCLUIDA,CARTAO_CREDITO,1,VND043,LOJA20
251,PED-20250627-000251,06124115670,2025-06-27T05:03:57.682864,2025-07-04T05:03:57.682864,CALC-001,Tênis Nike Air Max 270,Calçados,1,588.62,0.0,588.62,386.72,LOJA_FISICA,CONCLUIDA,BOLETO,1,VND025,LOJA03
252,PED-20250419-000252,35884589565,2025-04-19T08:17:57.682864,2025-04-26T08:17:57.682864,CASA-001,Cafeteira Nespresso Essenza,Casa,1,485.4,0.0,485.4,297.27,ECOMMERCE,CONCLUIDA,BOLETO,1,VND029,
253,PED-20260202-000253,01677527234,2026-02-02T10:56:57.682864,2026-02-10T10:56:57.682864,ELET-005,iPad Air 5ª Geração,Eletrônicos,1,7307.1,0.0,7307.1,4076.84,ECOMMERCE,CONCLUIDA,BOLETO,1,VND030,
254,PED-20250527-000254,61310895155,2025-05-27T14:31:57.682864,2025-06-04T14:31:57.682864,ELET-003,"Smart TV 55"" LG OLED",Eletrônicos,1,3568.02,356.8,3211.22,1419.99,APP_MOBILE,CONCLUIDA,BOLETO,1,VND017,
255,PED-20251006-000255,40467750416,2025-10-06T02:28:57.682864,2025-10-16T02:28:57.682864,ALIM-001,Kit Chocolate Belga Importado,Alimentação,1,169.1,25.36,143.74,78.4,LOJA_FISICA,CONCLUIDA,PIX,1,VND024,LOJA15
256,PED-20250711-000256,50159279836,2025-07-11T04:20:57.682864,2025-07-19T04:20:57.682864,CALC-002,Bota Couro Timberland,Calçados,2,678.6,67.86,1289.34,527.63,APP_MOBILE,CONCLUIDA,BOLETO,1,VND032,
257,PED-20250907-000257,91292648473,2025-09-07T14:14:57.682864,2025-09-14T14:14:57.682864,LIVR-001,Livro - O Poder do Hábito,Livros,1,55.74,0.0,55.74,22.65,LOJA_FISICA,CONCLUIDA,CARTAO_CREDITO,1,VND014,LOJA04
258,PED-20250518-000258,10848875095,2025-05-18T09:12:57.682864,2025-05-25T09:12:57.682864,ESPO-001,Bicicleta Caloi 21 Marchas,Esportes,1,1780.94,0.0,1780.94,834.65,APP_MOBILE,CONCLUIDA,CARTAO_CREDITO,12,VND037,
259,PED-20250626-000259,75535166600,2025-06-26T08:37:57.682864,,CASA-001,Cafeteira Nespresso Essenza,Casa,1,641.14,64.11,577.03,298.24,ECOMMERCE,CANCELADA,PIX,1,VND027,
260,PED-20251024-000260,35477245549,2025-10-24T07:28:57.682864,2025-11-02T07:28:57.682864,ELET-005,iPad Air 5ª Geração,Eletrônicos,1,6118.87,305.94,5812.93,3725.01,ECOMMERCE,CONCLUIDA,PIX,1,VND027,
261,PED-20260324-000261,63724858426,2026-03-24T15:31:57.682864,2026-04-03T15:31:57.682864,ALIM-001,Kit Chocolate Belga Importado,Alimentação,1,133.0,0.0,133.0,91.66,ECOMMERCE,CONCLUIDA,BOLETO,1,VND005,
262,PED-20260315-000262,67597252200,2026-03-15T09:13:57.682864,2026-03-25T09:13:57.682864,ELET-002,Notebook Dell Inspiron 15,Eletrônicos,1,3540.59,0.0,3540.59,1565.77,ECOMMERCE,CONCLUIDA,BOLETO,1,VND030,
263,PED-20250609-000263,24824467594,2025-06-09T07:41:57.682864,2025-06-16T07:41:57.682864,VEST-002,Vestido Social Feminino,Vestuário,1,238.17,0.0,238.17,159.82,ECOMMERCE,DEVOLVIDA,CARTAO_CREDITO,12,VND031,
264,PED-20250621-000264,24021504753,2025-06-21T13:13:57.682864,2025-06-24T13:13:57.682864,CALC-001,Tênis Nike Air Max 270,Calçados,2,600.97,0.0,1201.94,529.03,LOJA_FISICA,CONCLUIDA,PIX,1,VND029,LOJA12
265,PED-20250723-000265,80832357170,2025-07-23T07:54:57.682864,,CALC-002,Bota Couro Timberland,Calçados,1,879.73,0.0,879.73,467.85,ECOMMERCE,CANCELADA,PIX,1,VND011,
266,PED-20250814-000266,52928418113,2025-08-14T15:11:57.682864,,VEST-001,Camiseta Polo Masculina,Vestuário,1,165.04,0.0,165.04,90.76,LOJA_FISICA,CANCELADA,CARTAO_CREDITO,1,VND048,LOJA18
267,PED-20251016-000267,75535166600,2025-10-16T04:32:57.682864,2025-10-21T04:32:57.682864,CASA-001,Cafeteira Nespresso Essenza,Casa,1,418.84,62.83,356.01,147.48,ECOMMERCE,CONCLUIDA,BOLETO,1,VND038,
268,PED-20250519-000268,29407901831,2025-05-19T05:21:57.682864,2025-05-28T05:21:57.682864,CALC-002,Bota Couro Timberland,Calçados,1,858.76,171.75,687.01,502.29,APP_MOBILE,CONCLUIDA,PIX,1,VND006,
269,PED-20251231-000269,99522770329,2025-12-31T13:09:57.682864,2026-01-03T13:09:57.682864,ALIM-001,Kit Chocolate Belga Importado,Alimentação,1,165.19,0.0,165.19,81.9,LOJA_FISICA,CONCLUIDA,CARTAO_CREDITO,1,VND004,LOJA14
270,PED-20250801-000270,85207275739,2025-08-01T11:44:57.682864,2025-08-07T11:44:57.682864,LIVR-001,Livro - O Poder do Hábito,Livros,1,35.56,0.0,35.56,23.73,LOJA_FISICA,CONCLUIDA,BOLETO,1,VND035,LOJA16
271,PED-20250918-000271,55417338044,2025-09-18T14:39:57.682864,2025-09-26T14:39:57.682864,CALC-001,Tênis Nike Air Max 270,Calçados,1,744.47,0.0,744.47,538.09,ECOMMERCE,CONCLUIDA,BOLETO,1,VND038,
272,PED-20250728-000272,62339260507,2025-07-28T13:11:57.682864,2025-07-31T13:11:57.682864,CALC-002,Bota Couro Timberland,Calçados,1,847.64,0.0,847.64,423.46,LOJA_FISICA,DEVOLVIDA,CARTAO_CREDITO,3,VND018,LOJA12
273,PED-20260112-000273,00154165930,2026-01-12T09:57:57.682864,2026-01-19T09:57:57.682864,CASA-001,Cafeteira Nespresso Essenza,Casa,1,558.83,83.82,475.01,313.64,ECOMMERCE,CONCLUIDA,CARTAO_CREDITO,2,VND049,
274,PED-20250428-000274,85122536651,2025-04-28T07:25:57.682864,2025-05-05T07:25:57.682864,CASA-001,Cafeteira Nespresso Essenza,Casa,1,667.57,0.0,667.57,348.4,TELEVENDAS,CONCLUIDA,BOLETO,1,VND049,
275,PED-20251214-000275,96505235701,2025-12-14T11:14:57.682864,2025-12-21T11:14:57.682864,CASA-001,Cafeteira Nespresso Essenza,Casa,1,520.06,78.01,442.05,242.6,ECOMMERCE,CONCLUIDA,PIX,1,VND023,
276,PED-20260302-000276,77008267142,2026-03-02T03:47:57.682864,,BELE-001,Perfume Natura Essencial,Beleza,1,206.22,0.0,206.22,129.82,ECOMMERCE,CANCELADA,PIX,1,VND023,
277,PED-20250607-000277,63814684753,2025-06-07T11:10:57.682864,2025-06-14T11:10:57.682864,ELET-004,Fone JBL Tune 760NC,Eletrônicos,2,555.23,0.0,1110.46,594.12,APP_MOBILE,CONCLUIDA,PIX,1,VND048,
278,PED-20250621-000278,20969089732,2025-06-21T08:38:57.682864,2025-06-24T08:38:57.682864,ALIM-001,Kit Chocolate Belga Importado,Alimentação,1,194.76,0.0,194.76,119.05,ECOMMERCE,CONCLUIDA,CARTAO_CREDITO,1,VND013,
279,PED-20250612-000279,73968443047,2025-06-12T10:04:57.682864,2025-06-21T10:04:57.682864,VEST-002,Vestido Social Feminino,Vestuário,1,306.19,61.24,244.95,114.91,LOJA_FISICA,CONCLUIDA,CARTAO_CREDITO,6,VND004,LOJA03
280,PED-20250620-000280,92044693151,2025-06-20T03:22:57.682864,2025-06-23T03:22:57.682864,ELET-005,iPad Air 5ª Geração,Eletrônicos,1,4685.3,702.79,3982.51,2266.81,LOJA_FISICA,CONCLUIDA,PIX,1,VND028,LOJA18
281,PED-20250927-000281,31527166724,2025-09-27T12:22:57.682864,2025-10-03T12:22:57.682864,CASA-002,Aspirador Robô iRobot,Casa,1,2833.58,0.0,2833.58,1712.02,ECOMMERCE,CONCLUIDA,PIX,1,VND002,
282,PED-20250427-000282,41039768458,2025-04-27T10:25:57.682864,2025-05-01T10:25:57.682864,ELET-002,Notebook Dell Inspiron 15,Eletrônicos,1,4287.34,857.47,3429.87,2164.96,APP_MOBILE,CONCLUIDA,CARTAO_CREDITO,3,VND050,
283,PED-20250429-000283,34356977173,2025-04-29T01:25:57.682864,2025-05-06T01:25:57.682864,CALC-002,Bota Couro Timberland,Calçados,1,805.38,0.0,805.38,341.7,ECOMMERCE,CONCLUIDA,BOLETO,1,VND023,
284,PED-20250919-000284,74610487160,2025-09-19T15:52:57.682864,2025-09-22T15:52:57.682864,ELET-001,Smartphone Samsung Galaxy A54,Eletrônicos,1,1624.4,243.66,1380.74,1007.94,TELEVENDAS,CONCLUIDA,BOLETO,1,VND049,
285,PED-20251101-000285,16919546248,2025-11-01T02:20:57.682864,2025-11-06T02:20:57.682864,ELET-004,Fone JBL Tune 760NC,Eletrônicos,1,415.32,0.0,415.32,223.18,ECOMMERCE,CONCLUIDA,CARTAO_CREDITO,1,VND009,
286,PED-20250514-000286,23599171882,2025-05-14T15:24:57.682864,2025-05-19T15:24:57.682864,ELET-005,iPad Air 5ª Geração,Eletrônicos,1,5300.35,0.0,5300.35,2729.79,ECOMMERCE,CONCLUIDA,CARTAO_DEBITO,1,VND040,
287,PED-20250903-000287,14194886780,2025-09-03T15:09:57.682864,,ELET-005,iPad Air 5ª Geração,Eletrônicos,2,5326.39,0.0,10652.78,5340.45,APP_MOBILE,CANCELADA,CARTAO_CREDITO,6,VND012,
288,PED-20250505-000288,50159279836,2025-05-05T04:09:57.682864,2025-05-15T04:09:57.682864,CALC-001,Tênis Nike Air Max 270,Calçados,1,490.25,73.54,416.71,234.29,TELEVENDAS,CONCLUIDA,CARTAO_CREDITO,12,VND013,
289,PED-20251026-000289,74710629404,2025-10-26T06:41:57.682864,2025-10-31T06:41:57.682864,ELET-001,Smartphone Samsung Galaxy A54,Eletrônicos,1,1882.84,0.0,1882.84,1247.62,ECOMMERCE,CONCLUIDA,CARTAO_CREDITO,1,VND045,
290,PED-20251216-000290,27291186838,2025-12-16T05:31:57.682864,2025-12-26T05:31:57.682864,VEST-001,Camiseta Polo Masculina,Vestuário,1,160.41,8.02,152.39,78.69,ECOMMERCE,CONCLUIDA,CARTAO_CREDITO,1,VND029,
291,PED-20250708-000291,72074934521,2025-07-08T13:24:57.682864,2025-07-12T13:24:57.682864,ESPO-001,Bicicleta Caloi 21 Marchas,Esportes,1,1011.81,50.59,961.22,470.64,ECOMMERCE,CONCLUIDA,PIX,1,VND044,
292,PED-20260205-000292,61559341777,2026-02-05T10:13:57.682864,2026-02-15T10:13:57.682864,LIVR-001,Livro - O Poder do Hábito,Livros,1,56.85,0.0,56.85,30.94,LOJA_FISICA,CONCLUIDA,BOLETO,1,VND010,LOJA05
293,PED-20251223-000293,00154165930,2025-12-23T15:55:57.682864,2025-12-29T15:55:57.682864,CASA-001,Cafeteira Nespresso Essenza,Casa,1,487.38,24.37,463.01,301.72,ECOMMERCE,CONCLUIDA,BOLETO,1,VND034,
294,PED-20250605-000294,24530593606,2025-06-05T08:53:57.682864,,CALC-001,Tênis Nike Air Max 270,Calçados,1,677.5,0.0,677.5,304.73,ECOMMERCE,CANCELADA,BOLETO,1,VND041,
295,PED-20250627-000295,47094930062,2025-06-27T01:42:57.682864,2025-06-30T01:42:57.682864,CALC-002,Bota Couro Timberland,Calçados,1,1058.88,0.0,1058.88,544.0,LOJA_FISICA,CONCLUIDA,CARTAO_CREDITO,12,VND038,LOJA09
296,PED-20250702-000296,62339260507,2025-07-02T08:45:57.682864,2025-07-09T08:45:57.682864,ELET-002,Notebook Dell Inspiron 15,Eletrônicos,1,3076.55,0.0,3076.55,1931.39,ECOMMERCE,CONCLUIDA,CARTAO_CREDITO,6,VND026,
297,PED-20251012-000297,26326511402,2025-10-12T02:46:57.682864,2025-10-16T02:46:57.682864,CALC-002,Bota Couro Timberland,Calçados,1,615.11,0.0,615.11,439.2,ECOMMERCE,CONCLUIDA,CARTAO_DEBITO,1,VND037,
298,PED-20250826-000298,20178879606,2025-08-26T02:35:57.682864,2025-08-30T02:35:57.682864,BELE-001,Perfume Natura Essencial,Beleza,1,264.24,0.0,264.24,129.45,LOJA_FISICA,CONCLUIDA,BOLETO,1,VND018,LOJA10
299,PED-20251108-000299,82721169106,2025-11-08T08:59:57.682864,2025-11-13T08:59:57.682864,ELET-002,Notebook Dell Inspiron 15,Eletrônicos,1,3858.3,0.0,3858.3,2638.25,LOJA_FISICA,CONCLUIDA,CARTAO_CREDITO,2,VND038,LOJA12
300,PED-20250902-000300,34356977173,2025-09-02T06:06:57.682864,2025-09-07T06:06:57.682864,CASA-001,Cafeteira Nespresso Essenza,Casa,1,474.15,0.0,474.15,285.19,ECOMMERCE,CONCLUIDA,BOLETO,1,VND017,
301,PED-20250514-000301,51238477909,2025-05-14T12:17:57.682864,2025-05-20T12:17:57.682864,ELET-004,Fone JBL Tune 760NC,Eletrônicos,1,388.89,38.89,350.0,151.17,APP_MOBILE,CONCLUIDA,CARTAO_CREDITO,3,VND011,
302,PED-20251116-000302,16227236357,2025-11-16T14:27:57.682864,,VEST-002,Vestido Social Feminino,Vestuário,1,241.26,12.06,229.2,116.39,APP_MOBILE,CANCELADA,BOLETO,1,VND005,
303,PED-20260131-000303,14679404612,2026-01-31T14:32:57.682864,2026-02-10T14:32:57.682864,CASA-002,Aspirador Robô iRobot,Casa,1,2801.14,0.0,2801.14,1701.81,ECOMMERCE,CONCLUIDA,PIX,1,VND029,
304,PED-20250703-000304,61463985860,2025-07-03T01:13:57.682864,2025-07-06T01:13:57.682864,ALIM-001,Kit Chocolate Belga Importado,Alimentação,2,150.45,30.09,270.81,190.61,ECOMMERCE,CONCLUIDA,PIX,1,VND008,
305,PED-20250618-000305,62513572408,2025-06-18T09:25:57.682864,2025-06-21T09:25:57.682864,ELET-004,Fone JBL Tune 760NC,Eletrônicos,1,506.03,0.0,506.03,359.9,LOJA_FISICA,CONCLUIDA,BOLETO,1,VND026,LOJA05
306,PED-20250813-000306,23599171882,2025-08-13T03:24:57.682864,2025-08-22T03:24:57.682864,CASA-002,Aspirador Robô iRobot,Casa,1,3099.54,0.0,3099.54,1932.9,ECOMMERCE,CONCLUIDA,PIX,1,VND032,
307,PED-20250426-000307,92623542821,2025-04-26T13:40:57.682864,2025-05-03T13:40:57.682864,ELET-004,Fone JBL Tune 760NC,Eletrônicos,1,428.44,0.0,428.44,264.28,ECOMMERCE,CONCLUIDA,CARTAO_CREDITO,12,VND028,
308,PED-20250421-000308,11340986000,2025-04-21T06:34:57.682864,2025-05-01T06:34:57.682864,CASA-001,Cafeteira Nespresso Essenza,Casa,1,690.96,34.55,656.41,473.78,ECOMMERCE,CONCLUIDA,CARTAO_DEBITO,1,VND005,
309,PED-20251111-000309,02416870807,2025-11-11T08:31:57.682864,2025-11-19T08:31:57.682864,ELET-001,Smartphone Samsung Galaxy A54,Eletrônicos,1,1779.2,266.88,1512.32,770.22,LOJA_FISICA,CONCLUIDA,PIX,1,VND008,LOJA20
310,PED-20260106-000310,45049569427,2026-01-06T08:35:57.682864,2026-01-10T08:35:57.682864,VEST-002,Vestido Social Feminino,Vestuário,1,270.1,0.0,270.1,145.19,APP_MOBILE,CONCLUIDA,BOLETO,1,VND050,
311,PED-20250526-000311,92241549304,2025-05-26T13:42:57.682864,2025-06-03T13:42:57.682864,ELET-003,"Smart TV 55"" LG OLED",Eletrônicos,1,6207.89,310.39,5897.5,4385.3,APP_MOBILE,CONCLUIDA,PIX,1,VND014,
312,PED-20251012-000312,39078545356,2025-10-12T15:53:57.682864,2025-10-16T15:53:57.682864,ELET-001,Smartphone Samsung Galaxy A54,Eletrônicos,1,1849.02,277.35,1571.67,1033.12,ECOMMERCE,CONCLUIDA,CARTAO_DEBITO,1,VND015,
313,PED-20250919-000313,39078545356,2025-09-19T13:19:57.682864,2025-09-28T13:19:57.682864,CASA-002,Aspirador Robô iRobot,Casa,1,2561.67,0.0,2561.67,1686.69,LOJA_FISICA,DEVOLVIDA,CARTAO_CREDITO,2,VND022,LOJA10
314,PED-20251005-000314,27291186838,2025-10-05T14:16:57.682864,,VEST-001,Camiseta Polo Masculina,Vestuário,1,147.32,29.46,117.86,84.04,LOJA_FISICA,CANCELADA,CARTAO_DEBITO,1,VND027,LOJA11
315,PED-20250426-000315,35230461659,2025-04-26T04:54:57.682864,2025-05-05T04:54:57.682864,ESPO-001,Bicicleta Caloi 21 Marchas,Esportes,1,1199.51,0.0,1199.51,811.59,ECOMMERCE,CONCLUIDA,CARTAO_CREDITO,2,VND022,
316,PED-20250506-000316,05254000600,2025-05-06T05:32:57.682864,2025-05-13T05:32:57.682864,ELET-004,Fone JBL Tune 760NC,Eletrônicos,1,387.95,0.0,387.95,208.35,ECOMMERCE,CONCLUIDA,BOLETO,1,VND019,
317,PED-20250726-000317,18304847884,2025-07-26T09:30:57.682864,2025-08-05T09:30:57.682864,ELET-001,Smartphone Samsung Galaxy A54,Eletrônicos,1,1978.86,197.89,1780.97,785.91,TELEVENDAS,CONCLUIDA,CARTAO_CREDITO,2,VND036,
318,PED-20251025-000318,17245748330,2025-10-25T10:40:57.682864,2025-11-01T10:40:57.682864,VEST-001,Camiseta Polo Masculina,Vestuário,1,120.23,24.05,96.18,40.31,LOJA_FISICA,CONCLUIDA,CARTAO_CREDITO,1,VND035,LOJA17
319,PED-20250416-000319,29951489397,2025-04-16T08:54:57.682864,2025-04-21T08:54:57.682864,CALC-001,Tênis Nike Air Max 270,Calçados,1,748.84,149.77,599.07,350.53,ECOMMERCE,CONCLUIDA,BOLETO,1,VND030,
320,PED-20250607-000320,66460032629,2025-06-07T11:12:57.682864,2025-06-16T11:12:57.682864,ELET-002,Notebook Dell Inspiron 15,Eletrônicos,1,3535.28,707.06,2828.22,1377.04,ECOMMERCE,CONCLUIDA,BOLETO,1,VND025,
321,PED-20250803-000321,40467750416,2025-08-03T10:17:57.682864,2025-08-07T10:17:57.682864,ELET-003,"Smart TV 55"" LG OLED",Eletrônicos,1,6633.81,0.0,6633.81,4280.58,LOJA_FISICA,CONCLUIDA,BOLETO,1,VND014,LOJA04
322,PED-20251028-000322,92431186253,2025-10-28T06:02:57.682864,2025-11-02T06:02:57.682864,ELET-005,iPad Air 5ª Geração,Eletrônicos,1,5251.53,0.0,5251.53,2653.11,ECOMMERCE,CONCLUIDA,CARTAO_CREDITO,3,VND038,
323,PED-20250831-000323,94239531233,2025-08-31T15:22:57.682864,2025-09-09T15:22:57.682864,ALIM-001,Kit Chocolate Belga Importado,Alimentação,1,174.24,8.71,165.53,116.12,LOJA_FISICA,CONCLUIDA,PIX,1,VND012,LOJA17
324,PED-20250614-000324,77144641271,2025-06-14T11:03:57.682864,2025-06-20T11:03:57.682864,CASA-002,Aspirador Robô iRobot,Casa,1,2337.32,0.0,2337.32,1278.62,ECOMMERCE,CONCLUIDA,BOLETO,1,VND032,
325,PED-20250903-000325,63724858426,2025-09-03T04:15:57.682864,2025-09-11T04:15:57.682864,LIVR-001,Livro - O Poder do Hábito,Livros,1,50.16,5.02,45.14,26.29,LOJA_FISICA,CONCLUIDA,PIX,1,VND038,LOJA02
326,PED-20260203-000326,80759034800,2026-02-03T03:33:57.682864,,ELET-001,Smartphone Samsung Galaxy A54,Eletrônicos,1,1984.4,396.88,1587.52,976.96,APP_MOBILE,CANCELADA,CARTAO_CREDITO,12,VND020,
327,PED-20250820-000327,32080901885,2025-08-20T09:07:57.682864,2025-08-29T09:07:57.682864,ALIM-001,Kit Chocolate Belga Importado,Alimentação,1,91.7,13.76,77.94,51.09,APP_MOBILE,CONCLUIDA,CARTAO_CREDITO,1,VND042,
328,PED-20250618-000328,62513572408,2025-06-18T09:35:57.682864,2025-06-21T09:35:57.682864,LIVR-001,Livro - O Poder do Hábito,Livros,1,45.89,0.0,45.89,30.21,ECOMMERCE,CONCLUIDA,BOLETO,1,VND005,
329,PED-20250417-000329,94239531233,2025-04-17T02:29:57.682864,2025-04-27T02:29:57.682864,ELET-004,Fone JBL Tune 760NC,Eletrônicos,1,503.4,0.0,503.4,280.13,ECOMMERCE,CONCLUIDA,BOLETO,1,VND047,
330,PED-20250904-000330,68248770508,2025-09-04T15:17:57.682864,2025-09-14T15:17:57.682864,CALC-001,Tênis Nike Air Max 270,Calçados,1,649.43,0.0,649.43,479.73,APP_MOBILE,CONCLUIDA,CARTAO_DEBITO,1,VND002,
331,PED-20250619-000331,22617780589,2025-06-19T06:06:57.682864,2025-06-27T06:06:57.682864,VEST-001,Camiseta Polo Masculina,Vestuário,1,125.46,0.0,125.46,55.57,ECOMMERCE,CONCLUIDA,CARTAO_CREDITO,1,VND048,
332,PED-20251114-000332,94239531233,2025-11-14T10:26:57.682864,2025-11-18T10:26:57.682864,CASA-001,Cafeteira Nespresso Essenza,Casa,1,516.36,0.0,516.36,348.45,LOJA_FISICA,CONCLUIDA,PIX,1,VND030,LOJA11
333,PED-20250627-000333,20969089732,2025-06-27T01:54:57.682864,2025-07-01T01:54:57.682864,ELET-005,iPad Air 5ª Geração,Eletrônicos,1,5147.66,257.38,4890.28,2092.26,APP_MOBILE,CONCLUIDA,BOLETO,1,VND015,
334,PED-20251026-000334,01492682977,2025-10-26T08:15:57.682864,2025-11-05T08:15:57.682864,ESPO-001,Bicicleta Caloi 21 Marchas,Esportes,2,1833.6,0.0,3667.2,2105.72,ECOMMERCE,CONCLUIDA,BOLETO,1,VND009,
335,PED-20250713-000335,16227236357,2025-07-13T12:30:57.682864,2025-07-22T12:30:57.682864,ALIM-001,Kit Chocolate Belga Importado,Alimentação,1,164.04,16.4,147.64,95.15,APP_MOBILE,CONCLUIDA,PIX,1,VND039,
336,PED-20250607-000336,38870841448,2025-06-07T08:52:57.682864,2025-06-12T08:52:57.682864,CASA-002,Aspirador Robô iRobot,Casa,1,3428.06,0.0,3428.06,1756.04,APP_MOBILE,CONCLUIDA,CARTAO_DEBITO,1,VND041,
337,PED-20250809-000337,61145283284,2025-08-09T10:39:57.682864,2025-08-16T10:39:57.682864,CALC-002,Bota Couro Timberland,Calçados,1,961.15,144.17,816.98,373.33,ECOMMERCE,CONCLUIDA,BOLETO,1,VND007,
338,PED-20250920-000338,25723938673,2025-09-20T14:11:57.682864,2025-09-26T14:11:57.682864,BELE-001,Perfume Natura Essencial,Beleza,1,154.7,30.94,123.76,72.88,LOJA_FISICA,CONCLUIDA,BOLETO,1,VND026,LOJA01
339,PED-20250419-000339,55386382608,2025-04-19T07:37:57.682864,2025-04-25T07:37:57.682864,ELET-005,iPad Air 5ª Geração,Eletrônicos,1,4732.44,0.0,4732.44,2411.86,ECOMMERCE,CONCLUIDA,PIX,1,VND036,
340,PED-20251104-000340,91292648473,2025-11-04T05:15:57.682864,2025-11-08T05:15:57.682864,ELET-002,Notebook Dell Inspiron 15,Eletrônicos,1,3082.02,0.0,3082.02,1977.62,ECOMMERCE,CONCLUIDA,CARTAO_CREDITO,2,VND012,
341,PED-20250925-000341,81480459500,2025-09-25T15:39:57.682864,2025-10-02T15:39:57.682864,ELET-004,Fone JBL Tune 760NC,Eletrônicos,1,428.88,0.0,428.88,209.76,ECOMMERCE,CONCLUIDA,PIX,1,VND018,
342,PED-20250528-000342,27291186838,2025-05-28T10:21:57.682864,2025-06-06T10:21:57.682864,ELET-003,"Smart TV 55"" LG OLED",Eletrônicos,1,4114.99,0.0,4114.99,2708.21,ECOMMERCE,CONCLUIDA,CARTAO_CREDITO,2,VND037,
343,PED-20250911-000343,25028456615,2025-09-11T05:37:57.682864,2025-09-16T05:37:57.682864,VEST-001,Camiseta Polo Masculina,Vestuário,1,235.02,11.75,223.27,122.0,LOJA_FISICA,CONCLUIDA,CARTAO_CREDITO,12,VND048,LOJA13
344,PED-20250415-000344,56825739352,2025-04-15T02:37:57.682864,,LIVR-001,Livro - O Poder do Hábito,Livros,1,55.49,11.1,44.39,31.97,LOJA_FISICA,CANCELADA,CARTAO_CREDITO,1,VND001,LOJA09
345,PED-20250513-000345,22713530253,2025-05-13T01:55:57.682864,2025-05-18T01:55:57.682864,CALC-002,Bota Couro Timberland,Calçados,1,1126.23,0.0,1126.23,717.04,LOJA_FISICA,CONCLUIDA,PIX,1,VND032,LOJA07
346,PED-20251014-000346,54812693250,2025-10-14T13:46:57.682864,2025-10-22T13:46:57.682864,LIVR-001,Livro - O Poder do Hábito,Livros,1,52.75,0.0,52.75,22.75,ECOMMERCE,CONCLUIDA,BOLETO,1,VND039,
347,PED-20250823-000347,70715013351,2025-08-23T11:06:57.682864,2025-09-01T11:06:57.682864,ELET-004,Fone JBL Tune 760NC,Eletrônicos,1,476.91,0.0,476.91,354.27,ECOMMERCE,DEVOLVIDA,PIX,1,VND019,
348,PED-20251105-000348,72074934521,2025-11-05T04:18:57.682864,2025-11-13T04:18:57.682864,ALIM-001,Kit Chocolate Belga Importado,Alimentação,1,96.37,0.0,96.37,61.4,ECOMMERCE,CONCLUIDA,CARTAO_CREDITO,1,VND011,
349,PED-20250905-000349,74239516927,2025-09-05T11:30:57.682864,2025-09-09T11:30:57.682864,CASA-001,Cafeteira Nespresso Essenza,Casa,1,490.42,0.0,490.42,232.1,ECOMMERCE,CONCLUIDA,PIX,1,VND023,
350,PED-20250822-000350,70715013351,2025-08-22T07:52:57.682864,2025-08-26T07:52:57.682864,ELET-004,Fone JBL Tune 760NC,Eletrônicos,2,598.32,0.0,1196.64,615.18,APP_MOBILE,CONCLUIDA,PIX,1,VND007,
351,PED-20250930-000351,31527166724,2025-09-30T06:38:57.682864,2025-10-05T06:38:57.682864,VEST-001,Camiseta Polo Masculina,Vestuário,1,160.8,0.0,160.8,119.05,ECOMMERCE,CONCLUIDA,PIX,1,VND049,
352,PED-20250811-000352,25028456615,2025-08-11T14:37:57.682864,2025-08-14T14:37:57.682864,ELET-005,iPad Air 5ª Geração,Eletrônicos,1,4971.86,0.0,4971.86,3191.29,TELEVENDAS,CONCLUIDA,CARTAO_CREDITO,1,VND019,
353,PED-20251217-000353,24824467594,2025-12-17T12:01:57.682864,2025-12-24T12:01:57.682864,ELET-004,Fone JBL Tune 760NC,Eletrônicos,1,437.06,65.56,371.5,270.8,LOJA_FISICA,CONCLUIDA,PIX,1,VND030,LOJA17
354,PED-20250724-000354,79862588705,2025-07-24T02:04:57.682864,2025-07-30T02:04:57.682864,BELE-001,Perfume Natura Essencial,Beleza,1,149.97,0.0,149.97,110.02,APP_MOBILE,CONCLUIDA,PIX,1,VND045,
355,PED-20250825-000355,40467750416,2025-08-25T04:16:57.682864,2025-08-29T04:16:57.682864,ELET-001,Smartphone Samsung Galaxy A54,Eletrônicos,1,1361.07,0.0,1361.07,856.24,LOJA_FISICA,CONCLUIDA,BOLETO,1,VND029,LOJA11
356,PED-20250428-000356,40722498748,2025-04-28T08:24:57.682864,2025-05-03T08:24:57.682864,ELET-005,iPad Air 5ª Geração,Eletrônicos,1,6865.76,1373.15,5492.61,3731.8,LOJA_FISICA,CONCLUIDA,CARTAO_CREDITO,6,VND002,LOJA18
357,PED-20251016-000357,67834916920,2025-10-16T01:03:57.682864,2025-10-20T01:03:57.682864,VEST-002,Vestido Social Feminino,Vestuário,1,369.18,0.0,369.18,236.05,ECOMMERCE,CONCLUIDA,CARTAO_DEBITO,1,VND002,
358,PED-20250526-000358,73249885630,2025-05-26T04:16:57.682864,2025-05-31T04:16:57.682864,CALC-002,Bota Couro Timberland,Calçados,1,1197.3,179.59,1017.71,419.47,LOJA_FISICA,CONCLUIDA,BOLETO,1,VND025,LOJA03
359,PED-20250415-000359,66460032629,2025-04-15T09:58:57.682864,2025-04-24T09:58:57.682864,ESPO-001,Bicicleta Caloi 21 Marchas,Esportes,1,1741.39,174.14,1567.25,1107.8,ECOMMERCE,CONCLUIDA,CARTAO_CREDITO,2,VND005,
360,PED-20250526-000360,23125114446,2025-05-26T06:09:57.682864,,ESPO-001,Bicicleta Caloi 21 Marchas,Esportes,1,1011.71,151.76,859.95,474.5,LOJA_FISICA,CANCELADA,PIX,1,VND015,LOJA20
361,PED-20251209-000361,14993666985,2025-12-09T13:53:57.682864,2025-12-18T13:53:57.682864,LIVR-001,Livro - O Poder do Hábito,Livros,1,44.14,0.0,44.14,20.73,APP_MOBILE,CONCLUIDA,PIX,1,VND036,
362,PED-20251206-000362,09601751726,2025-12-06T07:06:57.682864,2025-12-11T07:06:57.682864,CASA-001,Cafeteira Nespresso Essenza,Casa,1,690.83,0.0,690.83,443.64,LOJA_FISICA,CONCLUIDA,CARTAO_CREDITO,2,VND035,LOJA04
363,PED-20251129-000363,85207275739,2025-11-29T04:36:57.682864,2025-12-08T04:36:57.682864,ELET-004,Fone JBL Tune 760NC,Eletrônicos,1,433.29,43.33,389.96,225.99,LOJA_FISICA,CONCLUIDA,PIX,1,VND013,LOJA19
364,PED-20260201-000364,92044693151,2026-02-01T08:12:57.682864,2026-02-06T08:12:57.682864,ALIM-001,Kit Chocolate Belga Importado,Alimentação,1,189.11,18.91,170.2,125.92,ECOMMERCE,CONCLUIDA,CARTAO_CREDITO,1,VND043,
365,PED-20251011-000365,81480459500,2025-10-11T01:17:57.682864,2025-10-16T01:17:57.682864,VEST-002,Vestido Social Feminino,Vestuário,1,256.82,0.0,256.82,105.37,APP_MOBILE,CONCLUIDA,CARTAO_DEBITO,1,VND022,
366,PED-20250621-000366,11778064442,2025-06-21T09:41:57.682864,2025-06-30T09:41:57.682864,LIVR-001,Livro - O Poder do Hábito,Livros,2,49.64,0.0,99.28,56.01,LOJA_FISICA,CONCLUIDA,CARTAO_CREDITO,1,VND022,LOJA20
367,PED-20250619-000367,92623542821,2025-06-19T14:04:57.682864,2025-06-28T14:04:57.682864,ESPO-001,Bicicleta Caloi 21 Marchas,Esportes,1,1556.05,77.8,1478.25,721.04,APP_MOBILE,CONCLUIDA,PIX,1,VND037,
368,PED-20260214-000368,80759034800,2026-02-14T15:39:57.682864,2026-02-23T15:39:57.682864,ELET-001,Smartphone Samsung Galaxy A54,Eletrônicos,1,1496.04,0.0,1496.04,847.03,LOJA_FISICA,CONCLUIDA,PIX,1,VND020,LOJA14
369,PED-20250712-000369,40493641742,2025-07-12T09:16:57.682864,2025-07-20T09:16:57.682864,VEST-001,Camiseta Polo Masculina,Vestuário,1,124.46,12.45,112.01,80.32,LOJA_FISICA,CONCLUIDA,PIX,1,VND023,LOJA13
370,PED-20250702-000370,84515949306,2025-07-02T15:30:57.682864,2025-07-06T15:30:57.682864,ESPO-001,Bicicleta Caloi 21 Marchas,Esportes,1,1375.88,0.0,1375.88,639.68,ECOMMERCE,CONCLUIDA,PIX,1,VND001,
371,PED-20250518-000371,32715874855,2025-05-18T07:08:57.682864,2025-05-26T07:08:57.682864,VEST-001,Camiseta Polo Masculina,Vestuário,1,200.27,0.0,200.27,114.02,TELEVENDAS,CONCLUIDA,BOLETO,1,VND048,
372,PED-20251204-000372,32080901885,2025-12-04T13:09:57.682864,2025-12-12T13:09:57.682864,CALC-002,Bota Couro Timberland,Calçados,1,668.68,0.0,668.68,498.7,APP_MOBILE,CONCLUIDA,PIX,1,VND034,
373,PED-20250716-000373,84230393407,2025-07-16T00:58:57.682864,2025-07-24T00:58:57.682864,ELET-001,Smartphone Samsung Galaxy A54,Eletrônicos,1,2070.13,414.03,1656.1,825.34,LOJA_FISICA,CONCLUIDA,CARTAO_CREDITO,6,VND018,LOJA15
374,PED-20260106-000374,85270405814,2026-01-06T08:43:57.682864,2026-01-16T08:43:57.682864,ELET-005,iPad Air 5ª Geração,Eletrônicos,1,4764.09,238.2,4525.89,2170.07,ECOMMERCE,CONCLUIDA,CARTAO_CREDITO,1,VND030,
375,PED-20251201-000375,69657455685,2025-12-01T07:17:57.682864,2025-12-05T07:17:57.682864,CALC-002,Bota Couro Timberland,Calçados,1,759.74,0.0,759.74,407.93,TELEVENDAS,CONCLUIDA,BOLETO,1,VND049,
376,PED-20260214-000376,17245748330,2026-02-14T03:08:57.682864,2026-02-17T03:08:57.682864,ELET-005,iPad Air 5ª Geração,Eletrônicos,1,7154.72,715.47,6439.25,3053.3,ECOMMERCE,CONCLUIDA,BOLETO,1,VND012,
377,PED-20250508-000377,22617780589,2025-05-08T06:13:57.682864,2025-05-16T06:13:57.682864,ELET-005,iPad Air 5ª Geração,Eletrônicos,1,5487.15,0.0,5487.15,3634.06,ECOMMERCE,CONCLUIDA,PIX,1,VND003,
378,PED-20250804-000378,55386382608,2025-08-04T09:32:57.682864,2025-08-13T09:32:57.682864,ELET-004,Fone JBL Tune 760NC,Eletrônicos,1,521.4,104.28,417.12,270.55,ECOMMERCE,CONCLUIDA,CARTAO_CREDITO,2,VND031,
379,PED-20250611-000379,93263060546,2025-06-11T15:30:57.682864,2025-06-15T15:30:57.682864,CALC-002,Bota Couro Timberland,Calçados,1,1145.67,0.0,1145.67,727.91,LOJA_FISICA,CONCLUIDA,CARTAO_DEBITO,1,VND016,LOJA18
380,PED-20251023-000380,94239531233,2025-10-23T10:25:57.682864,2025-10-27T10:25:57.682864,ELET-003,"Smart TV 55"" LG OLED",Eletrônicos,1,4849.66,0.0,4849.66,2221.16,APP_MOBILE,CONCLUIDA,CARTAO_CREDITO,6,VND018,
381,PED-20250920-000381,96815399907,2025-09-20T12:54:57.682864,2025-09-25T12:54:57.682864,LIVR-001,Livro - O Poder do Hábito,Livros,1,49.73,0.0,49.73,25.42,APP_MOBILE,CONCLUIDA,PIX,1,VND006,
382,PED-20260115-000382,84515949306,2026-01-15T04:41:57.682864,2026-01-19T04:41:57.682864,ELET-004,Fone JBL Tune 760NC,Eletrônicos,1,519.78,0.0,519.78,248.41,ECOMMERCE,CONCLUIDA,CARTAO_CREDITO,12,VND009,
383,PED-20250913-000383,09601751726,2025-09-13T13:19:57.682864,2025-09-20T13:19:57.682864,ELET-005,iPad Air 5ª Geração,Eletrônicos,1,5293.36,264.67,5028.69,2764.36,LOJA_FISICA,CONCLUIDA,CARTAO_CREDITO,12,VND011,LOJA10
384,PED-20250922-000384,61145283284,2025-09-22T03:59:57.682864,2025-10-01T03:59:57.682864,VEST-001,Camiseta Polo Masculina,Vestuário,1,133.81,0.0,133.81,53.96,ECOMMERCE,CONCLUIDA,CARTAO_DEBITO,1,VND007,
385,PED-20250507-000385,44034403128,2025-05-07T13:23:57.682864,2025-05-17T13:23:57.682864,ESPO-001,Bicicleta Caloi 21 Marchas,Esportes,1,1368.94,68.45,1300.49,842.78,ECOMMERCE,CONCLUIDA,BOLETO,1,VND017,
386,PED-20250508-000386,40493641742,2025-05-08T15:13:57.682864,2025-05-16T15:13:57.682864,VEST-002,Vestido Social Feminino,Vestuário,2,200.1,0.0,400.2,213.22,LOJA_FISICA,CONCLUIDA,CARTAO_CREDITO,12,VND050,LOJA17
387,PED-20250530-000387,99522770329,2025-05-30T01:03:57.682864,2025-06-09T01:03:57.682864,ELET-003,"Smart TV 55"" LG OLED",Eletrônicos,1,6559.47,0.0,6559.47,2770.22,ECOMMERCE,CONCLUIDA,CARTAO_CREDITO,2,VND003,
388,PED-20250423-000388,67449816849,2025-04-23T14:28:57.682864,2025-05-01T14:28:57.682864,LIVR-001,Livro - O Poder do Hábito,Livros,1,43.76,0.0,43.76,20.65,LOJA_FISICA,CONCLUIDA,CARTAO_CREDITO,1,VND016,LOJA14
389,PED-20250911-000389,02403164879,2025-09-11T15:42:57.682864,2025-09-14T15:42:57.682864,ELET-005,iPad Air 5ª Geração,Eletrônicos,2,6159.78,0.0,12319.56,6013.56,ECOMMERCE,CONCLUIDA,CARTAO_CREDITO,12,VND022,
390,PED-20250527-000390,94288084580,2025-05-27T14:56:57.682864,2025-06-01T14:56:57.682864,ELET-005,iPad Air 5ª Geração,Eletrônicos,1,4627.42,925.48,3701.94,1678.28,LOJA_FISICA,CONCLUIDA,CARTAO_CREDITO,6,VND023,LOJA04
391,PED-20250917-000391,15502909247,2025-09-17T01:23:57.682864,2025-09-22T01:23:57.682864,ELET-001,Smartphone Samsung Galaxy A54,Eletrônicos,1,2083.39,0.0,2083.39,1334.4,ECOMMERCE,CONCLUIDA,CARTAO_DEBITO,1,VND034,
392,PED-20251007-000392,61559341777,2025-10-07T03:43:57.682864,2025-10-13T03:43:57.682864,BELE-001,Perfume Natura Essencial,Beleza,2,144.54,14.45,274.63,151.21,ECOMMERCE,CONCLUIDA,CARTAO_CREDITO,1,VND011,
393,PED-20250513-000393,85270405814,2025-05-13T10:37:57.682864,2025-05-23T10:37:57.682864,ELET-005,iPad Air 5ª Geração,Eletrônicos,1,6446.76,0.0,6446.76,3170.61,APP_MOBILE,CONCLUIDA,CARTAO_CREDITO,2,VND013,
394,PED-20251212-000394,24021504753,2025-12-12T09:06:57.682864,2025-12-20T09:06:57.682864,ELET-005,iPad Air 5ª Geração,Eletrônicos,1,6607.44,660.74,5946.7,3417.3,LOJA_FISICA,CONCLUIDA,CARTAO_CREDITO,12,VND045,LOJA17
395,PED-20250418-000395,82721169106,2025-04-18T14:02:57.682864,2025-04-22T14:02:57.682864,CASA-001,Cafeteira Nespresso Essenza,Casa,1,659.84,0.0,659.84,362.88,ECOMMERCE,CONCLUIDA,CARTAO_CREDITO,12,VND007,
396,PED-20250609-000396,98864731857,2025-06-09T11:41:57.682864,2025-06-17T11:41:57.682864,ALIM-001,Kit Chocolate Belga Importado,Alimentação,1,102.87,0.0,102.87,69.93,LOJA_FISICA,DEVOLVIDA,CARTAO_CREDITO,1,VND016,LOJA02
397,PED-20250423-000397,99663934808,2025-04-23T02:41:57.682864,2025-04-28T02:41:57.682864,VEST-001,Camiseta Polo Masculina,Vestuário,1,111.82,0.0,111.82,55.55,ECOMMERCE,CONCLUIDA,PIX,1,VND011,
398,PED-20250625-000398,22091782157,2025-06-25T05:51:57.682864,2025-07-03T05:51:57.682864,CALC-001,Tênis Nike Air Max 270,Calçados,1,684.75,0.0,684.75,364.37,APP_MOBILE,CONCLUIDA,BOLETO,1,VND049,
399,PED-20250415-000399,09601751726,2025-04-15T09:03:57.682864,2025-04-21T09:03:57.682864,ELET-002,Notebook Dell Inspiron 15,Eletrônicos,1,5351.22,0.0,5351.22,2600.84,ECOMMERCE,CONCLUIDA,PIX,1,VND009,
400,PED-20260130-000400,77767235416,2026-01-30T14:08:57.682864,2026-02-08T14:08:57.682864,LIVR-001,Livro - O Poder do Hábito,Livros,1,58.85,0.0,58.85,40.6,ECOMMERCE,CONCLUIDA,CARTAO_DEBITO,1,VND037,
401,PED-20250520-000401,96505235701,2025-05-20T05:08:57.682864,2025-05-27T05:08:57.682864,ELET-004,Fone JBL Tune 760NC,Eletrônicos,1,541.36,108.27,433.09,287.82,LOJA_FISICA,CONCLUIDA,PIX,1,VND045,LOJA01
402,PED-20250424-000402,06124115670,2025-04-24T01:24:57.682864,2025-05-01T01:24:57.682864,VEST-001,Camiseta Polo Masculina,Vestuário,1,145.66,7.28,138.38,83.71,APP_MOBILE,CONCLUIDA,PIX,1,VND049,
403,PED-20250418-000403,22713530253,2025-04-18T10:13:57.682864,2025-04-21T10:13:57.682864,CALC-001,Tênis Nike Air Max 270,Calçados,1,454.69,0.0,454.69,186.94,TELEVENDAS,CONCLUIDA,PIX,1,VND033,
404,PED-20250508-000404,25723938673,2025-05-08T14:46:57.682864,2025-05-16T14:46:57.682864,CASA-001,Cafeteira Nespresso Essenza,Casa,1,429.01,0.0,429.01,223.99,LOJA_FISICA,CONCLUIDA,CARTAO_DEBITO,1,VND040,LOJA14
405,PED-20251231-000405,98864731857,2025-12-31T07:33:57.682864,2026-01-05T07:33:57.682864,CALC-001,Tênis Nike Air Max 270,Calçados,1,707.44,0.0,707.44,319.97,TELEVENDAS,CONCLUIDA,CARTAO_CREDITO,12,VND029,
406,PED-20251220-000406,99211431581,2025-12-20T15:16:57.682864,2025-12-28T15:16:57.682864,CALC-002,Bota Couro Timberland,Calçados,1,668.64,0.0,668.64,439.61,LOJA_FISICA,CONCLUIDA,CARTAO_CREDITO,3,VND050,LOJA02
407,PED-20250511-000407,69657455685,2025-05-11T13:15:57.682864,2025-05-21T13:15:57.682864,ALIM-001,Kit Chocolate Belga Importado,Alimentação,1,126.63,0.0,126.63,90.38,APP_MOBILE,CONCLUIDA,CARTAO_CREDITO,1,VND021,
408,PED-20250513-000408,22713530253,2025-05-13T15:52:57.682864,2025-05-16T15:52:57.682864,ELET-002,Notebook Dell Inspiron 15,Eletrônicos,1,3821.06,573.16,3247.9,1380.77,LOJA_FISICA,CONCLUIDA,PIX,1,VND050,LOJA02
409,PED-20250518-000409,75535166600,2025-05-18T13:12:57.682864,2025-05-28T13:12:57.682864,CALC-001,Tênis Nike Air Max 270,Calçados,3,758.39,0.0,2275.17,1362.62,ECOMMERCE,CONCLUIDA,CARTAO_CREDITO,2,VND016,
410,PED-20250715-000410,13298320781,2025-07-15T06:49:57.682864,2025-07-22T06:49:57.682864,VEST-001,Camiseta Polo Masculina,Vestuário,1,232.86,0.0,232.86,135.02,ECOMMERCE,CONCLUIDA,BOLETO,1,VND008,
411,PED-20250728-000411,14897305837,2025-07-28T01:50:57.682864,2025-08-06T01:50:57.682864,CALC-002,Bota Couro Timberland,Calçados,1,1004.9,0.0,1004.9,619.58,LOJA_FISICA,CONCLUIDA,CARTAO_CREDITO,6,VND033,LOJA16
412,PED-20250615-000412,10594569311,2025-06-15T14:42:57.682864,2025-06-20T14:42:57.682864,CASA-001,Cafeteira Nespresso Essenza,Casa,1,510.23,76.53,433.7,250.57,LOJA_FISICA,CONCLUIDA,CARTAO_CREDITO,3,VND033,LOJA11
413,PED-20250827-000413,69361234730,2025-08-27T14:52:57.682864,2025-09-02T14:52:57.682864,VEST-002,Vestido Social Feminino,Vestuário,2,403.9,0.0,807.8,457.09,LOJA_FISICA,CONCLUIDA,BOLETO,1,VND003,LOJA04
414,PED-20250828-000414,42684665923,2025-08-28T03:45:57.682864,2025-09-05T03:45:57.682864,ELET-004,Fone JBL Tune 760NC,Eletrônicos,1,493.13,49.31,443.82,185.88,ECOMMERCE,CONCLUIDA,BOLETO,1,VND005,
415,PED-20250721-000415,87275414449,2025-07-21T02:06:57.682864,2025-07-28T02:06:57.682864,ELET-005,iPad Air 5ª Geração,Eletrônicos,1,6183.59,0.0,6183.59,3123.35,APP_MOBILE,CONCLUIDA,CARTAO_CREDITO,12,VND047,
416,PED-20250727-000416,31527166724,2025-07-27T04:33:57.682864,2025-08-03T04:33:57.682864,CALC-002,Bota Couro Timberland,Calçados,1,924.85,184.97,739.88,410.13,ECOMMERCE,CONCLUIDA,PIX,1,VND029,
417,PED-20250630-000417,18291916837,2025-06-30T07:29:57.682864,2025-07-04T07:29:57.682864,ALIM-001,Kit Chocolate Belga Importado,Alimentação,1,142.62,14.26,128.36,85.71,APP_MOBILE,CONCLUIDA,CARTAO_CREDITO,1,VND031,
418,PED-20251021-000418,14679404612,2025-10-21T14:11:57.682864,2025-10-24T14:11:57.682864,CALC-002,Bota Couro Timberland,Calçados,1,933.35,0.0,933.35,556.87,LOJA_FISICA,CONCLUIDA,CARTAO_CREDITO,1,VND028,LOJA01
419,PED-20250817-000419,84515949306,2025-08-17T07:45:57.682864,2025-08-26T07:45:57.682864,VEST-001,Camiseta Polo Masculina,Vestuário,1,134.88,0.0,134.88,72.65,ECOMMERCE,CONCLUIDA,CARTAO_CREDITO,1,VND019,
420,PED-20251024-000420,87275414449,2025-10-24T07:05:57.682864,2025-11-03T07:05:57.682864,CALC-001,Tênis Nike Air Max 270,Calçados,1,570.52,0.0,570.52,268.77,ECOMMERCE,CONCLUIDA,CARTAO_CREDITO,2,VND027,
421,PED-20250625-000421,92431186253,2025-06-25T01:55:57.682864,2025-06-29T01:55:57.682864,ELET-004,Fone JBL Tune 760NC,Eletrônicos,1,519.34,0.0,519.34,336.17,LOJA_FISICA,CONCLUIDA,BOLETO,1,VND039,LOJA14
422,PED-20250802-000422,74610487160,2025-08-02T13:42:57.682864,2025-08-09T13:42:57.682864,CALC-002,Bota Couro Timberland,Calçados,1,1056.9,0.0,1056.9,479.14,LOJA_FISICA,CONCLUIDA,PIX,1,VND037,LOJA02
423,PED-20251012-000423,00177956488,2025-10-12T06:46:57.682864,,BELE-001,Perfume Natura Essencial,Beleza,1,147.69,0.0,147.69,70.73,APP_MOBILE,CANCELADA,CARTAO_CREDITO,1,VND019,
424,PED-20260201-000424,74239516927,2026-02-01T14:50:57.682864,2026-02-11T14:50:57.682864,CASA-001,Cafeteira Nespresso Essenza,Casa,1,567.95,0.0,567.95,356.97,ECOMMERCE,CONCLUIDA,PIX,1,VND043,
425,PED-20250701-000425,50159279836,2025-07-01T12:58:57.682864,2025-07-09T12:58:57.682864,VEST-001,Camiseta Polo Masculina,Vestuário,3,233.06,0.0,699.18,329.04,ECOMMERCE,CONCLUIDA,CARTAO_CREDITO,6,VND023,
426,PED-20250503-000426,65911695715,2025-05-03T11:58:57.682864,2025-05-07T11:58:57.682864,CASA-002,Aspirador Robô iRobot,Casa,1,2405.98,0.0,2405.98,1304.41,ECOMMERCE,CONCLUIDA,PIX,1,VND004,
427,PED-20250624-000427,99663934808,2025-06-24T01:23:57.682864,2025-07-03T01:23:57.682864,BELE-001,Perfume Natura Essencial,Beleza,1,128.99,0.0,128.99,92.15,APP_MOBILE,CONCLUIDA,PIX,1,VND036,
428,PED-20251114-000428,45049569427,2025-11-14T11:17:57.682864,2025-11-17T11:17:57.682864,CASA-001,Cafeteira Nespresso Essenza,Casa,1,539.32,0.0,539.32,314.4,LOJA_FISICA,CONCLUIDA,CARTAO_CREDITO,1,VND044,LOJA08
429,PED-20250413-000429,71534514805,2025-04-13T06:03:57.682864,2025-04-20T06:03:57.682864,BELE-001,Perfume Natura Essencial,Beleza,2,175.48,17.55,333.41,162.64,LOJA_FISICA,CONCLUIDA,BOLETO,1,VND045,LOJA03
430,PED-20251114-000430,50159279836,2025-11-14T01:56:57.682864,2025-11-18T01:56:57.682864,CALC-001,Tênis Nike Air Max 270,Calçados,1,873.19,0.0,873.19,613.99,ECOMMERCE,CONCLUIDA,PIX,1,VND037,
431,PED-20250611-000431,29013131247,2025-06-11T14:03:57.682864,2025-06-17T14:03:57.682864,ELET-001,Smartphone Samsung Galaxy A54,Eletrônicos,1,1687.45,0.0,1687.45,1156.67,ECOMMERCE,CONCLUIDA,CARTAO_CREDITO,12,VND006,
432,PED-20251120-000432,78978753426,2025-11-20T10:05:57.682864,2025-11-29T10:05:57.682864,CASA-002,Aspirador Robô iRobot,Casa,1,2626.52,0.0,2626.52,1569.02,ECOMMERCE,CONCLUIDA,PIX,1,VND035,
433,PED-20250617-000433,22713530253,2025-06-17T11:28:57.682864,,CALC-002,Bota Couro Timberland,Calçados,1,1083.09,0.0,1083.09,570.63,ECOMMERCE,CANCELADA,CARTAO_CREDITO,6,VND025,
434,PED-20250815-000434,47299128705,2025-08-15T08:02:57.682864,2025-08-18T08:02:57.682864,VEST-002,Vestido Social Feminino,Vestuário,1,214.65,0.0,214.65,151.55,TELEVENDAS,CONCLUIDA,BOLETO,1,VND015,
435,PED-20250605-000435,61463985860,2025-06-05T02:48:57.682864,2025-06-12T02:48:57.682864,VEST-002,Vestido Social Feminino,Vestuário,1,242.44,0.0,242.44,108.34,ECOMMERCE,CONCLUIDA,CARTAO_DEBITO,1,VND020,
436,PED-20251018-000436,54571113935,2025-10-18T06:46:57.682864,2025-10-25T06:46:57.682864,CASA-001,Cafeteira Nespresso Essenza,Casa,1,456.46,0.0,456.46,284.16,ECOMMERCE,CONCLUIDA,CARTAO_CREDITO,6,VND035,
437,PED-20250805-000437,10848875095,2025-08-05T07:52:57.682864,2025-08-13T07:52:57.682864,LIVR-001,Livro - O Poder do Hábito,Livros,1,36.3,1.81,34.49,18.9,ECOMMERCE,CONCLUIDA,CARTAO_DEBITO,1,VND006,
438,PED-20250717-000438,54577170035,2025-07-17T08:33:57.682864,2025-07-25T08:33:57.682864,VEST-002,Vestido Social Feminino,Vestuário,1,210.08,0.0,210.08,155.46,APP_MOBILE,CONCLUIDA,PIX,1,VND013,
439,PED-20250906-000439,85207275739,2025-09-06T10:50:57.682864,2025-09-11T10:50:57.682864,ELET-003,"Smart TV 55"" LG OLED",Eletrônicos,1,4649.75,0.0,4649.75,1894.47,ECOMMERCE,CONCLUIDA,BOLETO,1,VND035,
440,PED-20250525-000440,99522770329,2025-05-25T05:40:57.682864,,ELET-005,iPad Air 5ª Geração,Eletrônicos,1,4945.66,0.0,4945.66,3123.8,ECOMMERCE,PENDENTE,CARTAO_CREDITO,2,VND004,
441,PED-20250916-000441,31527166724,2025-09-16T07:17:57.682864,2025-09-19T07:17:57.682864,CASA-001,Cafeteira Nespresso Essenza,Casa,1,638.26,31.91,606.35,317.88,ECOMMERCE,CONCLUIDA,CARTAO_CREDITO,3,VND027,
442,PED-20250807-000442,77144641271,2025-08-07T02:11:57.682864,2025-08-14T02:11:57.682864,LIVR-001,Livro - O Poder do Hábito,Livros,1,47.8,0.0,47.8,29.22,APP_MOBILE,CONCLUIDA,CARTAO_CREDITO,1,VND017,
443,PED-20250510-000443,55386382608,2025-05-10T06:35:57.682864,2025-05-19T06:35:57.682864,CASA-002,Aspirador Robô iRobot,Casa,1,1738.2,86.91,1651.29,1113.04,ECOMMERCE,CONCLUIDA,CARTAO_CREDITO,2,VND025,
444,PED-20250521-000444,82425154922,2025-05-21T12:37:57.682864,2025-05-24T12:37:57.682864,CASA-002,Aspirador Robô iRobot,Casa,1,1633.19,326.64,1306.55,725.78,TELEVENDAS,CONCLUIDA,CARTAO_DEBITO,1,VND016,
445,PED-20250822-000445,69657455685,2025-08-22T13:59:57.682864,2025-09-01T13:59:57.682864,VEST-002,Vestido Social Feminino,Vestuário,1,215.05,0.0,215.05,128.87,ECOMMERCE,CONCLUIDA,CARTAO_DEBITO,1,VND007,
446,PED-20250908-000446,35477245549,2025-09-08T03:48:57.682864,,ELET-003,"Smart TV 55"" LG OLED",Eletrônicos,1,4299.67,0.0,4299.67,2876.01,ECOMMERCE,CANCELADA,CARTAO_CREDITO,12,VND001,
447,PED-20251101-000447,57952837117,2025-11-01T13:28:57.682864,2025-11-11T13:28:57.682864,BELE-001,Perfume Natura Essencial,Beleza,1,187.88,9.39,178.49,113.55,ECOMMERCE,CONCLUIDA,BOLETO,1,VND023,
448,PED-20250809-000448,38870841448,2025-08-09T07:52:57.682864,2025-08-12T07:52:57.682864,ELET-002,Notebook Dell Inspiron 15,Eletrônicos,1,4455.13,0.0,4455.13,1855.04,TELEVENDAS,CONCLUIDA,CARTAO_CREDITO,2,VND020,
449,PED-20250730-000449,06124115670,2025-07-30T05:44:57.682864,2025-08-02T05:44:57.682864,CASA-001,Cafeteira Nespresso Essenza,Casa,1,434.13,0.0,434.13,322.12,TELEVENDAS,CONCLUIDA,CARTAO_CREDITO,1,VND004,
450,PED-20251128-000450,32715874855,2025-11-28T04:45:57.682864,,VEST-002,Vestido Social Feminino,Vestuário,2,448.8,89.76,807.84,499.14,ECOMMERCE,PENDENTE,CARTAO_CREDITO,6,VND046,
451,PED-20251028-000451,50159279836,2025-10-28T02:56:57.682864,,ELET-003,"Smart TV 55"" LG OLED",Eletrônicos,1,6854.9,685.49,6169.41,2712.68,LOJA_FISICA,CANCELADA,PIX,1,VND048,LOJA10
452,PED-20250828-000452,18843946714,2025-08-28T07:00:57.682864,2025-09-05T07:00:57.682864,CASA-001,Cafeteira Nespresso Essenza,Casa,1,664.26,0.0,664.26,437.58,ECOMMERCE,CONCLUIDA,CARTAO_CREDITO,6,VND019,
453,PED-20250518-000453,47094930062,2025-05-18T14:48:57.682864,2025-05-21T14:48:57.682864,CASA-001,Cafeteira Nespresso Essenza,Casa,1,685.68,0.0,685.68,313.74,LOJA_FISICA,CONCLUIDA,PIX,1,VND040,LOJA19
454,PED-20250424-000454,20969089732,2025-04-24T08:18:57.682864,2025-05-03T08:18:57.682864,ELET-004,Fone JBL Tune 760NC,Eletrônicos,1,391.35,0.0,391.35,184.61,ECOMMERCE,CONCLUIDA,CARTAO_DEBITO,1,VND050,
455,PED-20260117-000455,54729806409,2026-01-17T10:53:57.682864,2026-01-24T10:53:57.682864,ELET-005,iPad Air 5ª Geração,Eletrônicos,1,6096.95,0.0,6096.95,3065.15,ECOMMERCE,CONCLUIDA,PIX,1,VND034,
456,PED-20250608-000456,69450324859,2025-06-08T04:59:57.682864,2025-06-16T04:59:57.682864,ELET-005,iPad Air 5ª Geração,Eletrônicos,1,5452.11,0.0,5452.11,2360.62,ECOMMERCE,CONCLUIDA,BOLETO,1,VND040,
457,PED-20250615-000457,54568602955,2025-06-15T12:24:57.682864,2025-06-21T12:24:57.682864,ESPO-001,Bicicleta Caloi 21 Marchas,Esportes,1,1657.18,0.0,1657.18,992.1,TELEVENDAS,CONCLUIDA,BOLETO,1,VND002,
458,PED-20250704-000458,92044693151,2025-07-04T09:22:57.682864,2025-07-13T09:22:57.682864,ELET-005,iPad Air 5ª Geração,Eletrônicos,1,7443.26,0.0,7443.26,4796.14,ECOMMERCE,CONCLUIDA,PIX,1,VND010,
459,PED-20250821-000459,28791157447,2025-08-21T07:39:57.682864,2025-08-29T07:39:57.682864,LIVR-001,Livro - O Poder do Hábito,Livros,1,55.37,0.0,55.37,40.42,ECOMMERCE,CONCLUIDA,PIX,1,VND016,
460,PED-20260123-000460,64602508804,2026-01-23T14:00:57.682864,,CALC-002,Bota Couro Timberland,Calçados,1,840.31,168.06,672.25,488.55,TELEVENDAS,CANCELADA,PIX,1,VND036,
461,PED-20251018-000461,00177956488,2025-10-18T06:00:57.682864,2025-10-28T06:00:57.682864,ELET-003,"Smart TV 55"" LG OLED",Eletrônicos,1,4791.73,958.35,3833.38,2667.21,LOJA_FISICA,CONCLUIDA,PIX,1,VND005,LOJA17
462,PED-20250526-000462,17948442367,2025-05-26T10:35:57.682864,2025-06-01T10:35:57.682864,CASA-001,Cafeteira Nespresso Essenza,Casa,1,503.06,0.0,503.06,299.32,ECOMMERCE,CONCLUIDA,CARTAO_DEBITO,1,VND050,
463,PED-20250702-000463,52928418113,2025-07-02T08:53:57.682864,2025-07-12T08:53:57.682864,ELET-005,iPad Air 5ª Geração,Eletrônicos,1,4654.35,0.0,4654.35,2360.07,ECOMMERCE,CONCLUIDA,PIX,1,VND003,
464,PED-20250707-000464,65911695715,2025-07-07T02:10:57.682864,2025-07-11T02:10:57.682864,CASA-001,Cafeteira Nespresso Essenza,Casa,1,535.09,0.0,535.09,365.13,LOJA_FISICA,CONCLUIDA,PIX,1,VND024,LOJA09
465,PED-20250709-000465,97785011303,2025-07-09T11:54:57.682864,2025-07-15T11:54:57.682864,CASA-001,Cafeteira Nespresso Essenza,Casa,3,474.11,0.0,1422.33,738.67,ECOMMERCE,CONCLUIDA,PIX,1,VND035,
466,PED-20260222-000466,78978753426,2026-02-22T14:56:57.682864,2026-03-04T14:56:57.682864,ELET-002,Notebook Dell Inspiron 15,Eletrônicos,1,4350.24,0.0,4350.24,2669.53,LOJA_FISICA,CONCLUIDA,PIX,1,VND035,LOJA09
467,PED-20250901-000467,40539595195,2025-09-01T15:41:57.682864,2025-09-08T15:41:57.682864,CASA-001,Cafeteira Nespresso Essenza,Casa,1,613.99,0.0,613.99,290.02,LOJA_FISICA,CONCLUIDA,BOLETO,1,VND038,LOJA09
468,PED-20250514-000468,92044693151,2025-05-14T05:43:57.682864,2025-05-19T05:43:57.682864,CALC-001,Tênis Nike Air Max 270,Calçados,1,701.37,140.27,561.1,304.78,LOJA_FISICA,CONCLUIDA,CARTAO_CREDITO,6,VND037,LOJA13
469,PED-20251023-000469,84515949306,2025-10-23T14:06:57.682864,2025-10-26T14:06:57.682864,ELET-002,Notebook Dell Inspiron 15,Eletrônicos,1,4956.77,247.84,4708.93,2081.38,APP_MOBILE,CONCLUIDA,BOLETO,1,VND002,
470,PED-20250420-000470,61310895155,2025-04-20T12:49:57.682864,2025-04-24T12:49:57.682864,ELET-005,iPad Air 5ª Geração,Eletrônicos,1,6752.63,1350.53,5402.1,3822.23,LOJA_FISICA,CONCLUIDA,CARTAO_CREDITO,2,VND024,LOJA02
471,PED-20250908-000471,77008267142,2025-09-08T11:16:57.682864,2025-09-16T11:16:57.682864,VEST-001,Camiseta Polo Masculina,Vestuário,1,94.7,9.47,85.23,46.68,ECOMMERCE,CONCLUIDA,PIX,1,VND026,
472,PED-20251111-000472,03812571692,2025-11-11T01:18:57.682864,2025-11-20T01:18:57.682864,LIVR-001,Livro - O Poder do Hábito,Livros,1,41.22,0.0,41.22,23.16,ECOMMERCE,CONCLUIDA,PIX,1,VND003,
473,PED-20250805-000473,23125114446,2025-08-05T12:27:57.682864,2025-08-14T12:27:57.682864,VEST-002,Vestido Social Feminino,Vestuário,1,367.57,0.0,367.57,162.19,LOJA_FISICA,CONCLUIDA,PIX,1,VND021,LOJA10
474,PED-20250907-000474,04433772003,2025-09-07T10:28:57.682864,2025-09-11T10:28:57.682864,ELET-005,iPad Air 5ª Geração,Eletrônicos,1,5453.2,0.0,5453.2,3273.81,ECOMMERCE,CONCLUIDA,BOLETO,1,VND024,
475,PED-20260103-000475,88483781611,2026-01-03T11:42:57.682864,2026-01-12T11:42:57.682864,ESPO-001,Bicicleta Caloi 21 Marchas,Esportes,1,1783.0,178.3,1604.7,1039.8,ECOMMERCE,CONCLUIDA,BOLETO,1,VND037,
476,PED-20251119-000476,47094930062,2025-11-19T04:39:57.682864,,CASA-001,Cafeteira Nespresso Essenza,Casa,1,417.13,0.0,417.13,176.79,ECOMMERCE,CANCELADA,CARTAO_CREDITO,12,VND032,
477,PED-20260212-000477,63724858426,2026-02-12T09:17:57.682864,2026-02-21T09:17:57.682864,BELE-001,Perfume Natura Essencial,Beleza,1,194.13,0.0,194.13,106.27,LOJA_FISICA,CONCLUIDA,CARTAO_CREDITO,1,VND008,LOJA10
478,PED-20250813-000478,04469413526,2025-08-13T10:32:57.682864,2025-08-20T10:32:57.682864,ESPO-001,Bicicleta Caloi 21 Marchas,Esportes,1,854.23,0.0,854.23,578.16,ECOMMERCE,CONCLUIDA,CARTAO_CREDITO,3,VND019,
479,PED-20250527-000479,02864143178,2025-05-27T14:11:57.682864,2025-06-03T14:11:57.682864,ELET-005,iPad Air 5ª Geração,Eletrônicos,1,6611.79,0.0,6611.79,3664.51,LOJA_FISICA,CONCLUIDA,PIX,1,VND013,LOJA07
480,PED-20250710-000480,74710629404,2025-07-10T13:29:57.682864,2025-07-16T13:29:57.682864,BELE-001,Perfume Natura Essencial,Beleza,1,213.48,0.0,213.48,152.18,ECOMMERCE,CONCLUIDA,PIX,1,VND048,
481,PED-20250823-000481,22713530253,2025-08-23T07:50:57.682864,2025-09-02T07:50:57.682864,ELET-003,"Smart TV 55"" LG OLED",Eletrônicos,1,4113.65,0.0,4113.65,1693.91,APP_MOBILE,CONCLUIDA,CARTAO_CREDITO,6,VND003,
482,PED-20250505-000482,25028456615,2025-05-05T10:59:57.682864,,ELET-004,Fone JBL Tune 760NC,Eletrônicos,1,395.81,0.0,395.81,234.01,ECOMMERCE,CANCELADA,CARTAO_CREDITO,6,VND044,
483,PED-20251101-000483,85122536651,2025-11-01T01:49:57.682864,2025-11-11T01:49:57.682864,CASA-001,Cafeteira Nespresso Essenza,Casa,1,648.39,32.42,615.97,379.76,LOJA_FISICA,CONCLUIDA,PIX,1,VND041,LOJA04
484,PED-20251001-000484,30261290380,2025-10-01T11:54:57.682864,2025-10-10T11:54:57.682864,LIVR-001,Livro - O Poder do Hábito,Livros,1,50.9,7.63,43.27,20.4,LOJA_FISICA,CONCLUIDA,BOLETO,1,VND036,LOJA11
485,PED-20251212-000485,62513572408,2025-12-12T13:58:57.682864,2025-12-18T13:58:57.682864,ELET-004,Fone JBL Tune 760NC,Eletrônicos,2,502.55,0.0,1005.1,431.56,LOJA_FISICA,CONCLUIDA,BOLETO,1,VND026,LOJA11
486,PED-20251225-000486,04469413526,2025-12-25T12:06:57.682864,2026-01-01T12:06:57.682864,ALIM-001,Kit Chocolate Belga Importado,Alimentação,1,96.41,0.0,96.41,59.69,ECOMMERCE,CONCLUIDA,CARTAO_CREDITO,1,VND037,
487,PED-20250807-000487,16227236357,2025-08-07T12:01:57.682864,2025-08-14T12:01:57.682864,ELET-003,"Smart TV 55"" LG OLED",Eletrônicos,1,5895.5,0.0,5895.5,4099.51,ECOMMERCE,CONCLUIDA,PIX,1,VND001,
488,PED-20250608-000488,06124115670,2025-06-08T08:42:57.682864,2025-06-15T08:42:57.682864,LIVR-001,Livro - O Poder do Hábito,Livros,1,42.15,2.11,40.04,24.63,APP_MOBILE,CONCLUIDA,PIX,1,VND048,
489,PED-20250607-000489,02403164879,2025-06-07T08:55:57.682864,2025-06-10T08:55:57.682864,VEST-001,Camiseta Polo Masculina,Vestuário,1,190.47,0.0,190.47,117.78,ECOMMERCE,CONCLUIDA,PIX,1,VND032,
490,PED-20250805-000490,25028456615,2025-08-05T04:53:57.682864,2025-08-14T04:53:57.682864,LIVR-001,Livro - O Poder do Hábito,Livros,1,44.08,0.0,44.08,17.86,TELEVENDAS,CONCLUIDA,PIX,1,VND023,
491,PED-20250920-000491,99211431581,2025-09-20T03:01:57.682864,2025-09-28T03:01:57.682864,BELE-001,Perfume Natura Essencial,Beleza,1,248.1,0.0,248.1,163.11,APP_MOBILE,CONCLUIDA,CARTAO_CREDITO,3,VND003,
492,PED-20250705-000492,87275414449,2025-07-05T09:47:57.682864,2025-07-11T09:47:57.682864,CALC-002,Bota Couro Timberland,Calçados,1,1064.42,0.0,1064.42,613.52,LOJA_FISICA,CONCLUIDA,CARTAO_CREDITO,6,VND029,LOJA15
493,PED-20250616-000493,64324992835,2025-06-16T12:39:57.682864,2025-06-26T12:39:57.682864,CASA-002,Aspirador Robô iRobot,Casa,1,2380.63,0.0,2380.63,1087.88,LOJA_FISICA,CONCLUIDA,PIX,1,VND025,LOJA12
494,PED-20250806-000494,06409388845,2025-08-06T09:49:57.682864,2025-08-10T09:49:57.682864,ESPO-001,Bicicleta Caloi 21 Marchas,Esportes,1,1626.74,0.0,1626.74,985.99,LOJA_FISICA,CONCLUIDA,CARTAO_CREDITO,3,VND048,LOJA16
495,PED-20250415-000495,77144641271,2025-04-15T08:45:57.682864,2025-04-22T08:45:57.682864,ALIM-001,Kit Chocolate Belga Importado,Alimentação,1,114.48,0.0,114.48,60.95,ECOMMERCE,CONCLUIDA,CARTAO_CREDITO,1,VND024,
496,PED-20250902-000496,50159279836,2025-09-02T12:28:57.682864,2025-09-06T12:28:57.682864,ELET-002,Notebook Dell Inspiron 15,Eletrônicos,1,3998.87,0.0,3998.87,1743.42,ECOMMERCE,CONCLUIDA,CARTAO_CREDITO,1,VND032,
497,PED-20260215-000497,04509193238,2026-02-15T11:13:57.682864,2026-02-20T11:13:57.682864,ELET-004,Fone JBL Tune 760NC,Eletrônicos,2,473.82,0.0,947.64,425.91,APP_MOBILE,CONCLUIDA,CARTAO_CREDITO,2,VND025,
498,PED-20250901-000498,85270405814,2025-09-01T10:48:57.682864,2025-09-05T10:48:57.682864,CALC-002,Bota Couro Timberland,Calçados,1,684.96,0.0,684.96,310.44,APP_MOBILE,CONCLUIDA,BOLETO,1,VND028,
499,PED-20250627-000499,31527166724,2025-06-27T06:48:57.682864,2025-07-04T06:48:57.682864,CASA-001,Cafeteira Nespresso Essenza,Casa,2,643.28,0.0,1286.56,630.18,ECOMMERCE,CONCLUIDA,CARTAO_CREDITO,6,VND016,
500,PED-20250615-000500,69450324859,2025-06-15T03:45:57.682864,2025-06-21T03:45:57.682864,VEST-002,Vestido Social Feminino,Vestuário,1,261.52,52.3,209.22,121.29,LOJA_FISICA,CONCLUIDA,CARTAO_CREDITO,1,VND017,LOJA17
501,PED-20250505-000501,68248770508,2025-05-05T01:13:57.682864,,VEST-001,Camiseta Polo Masculina,Vestuário,1,150.44,0.0,150.44,94.85,ECOMMERCE,CANCELADA,PIX,1,VND012,
502,PED-20250901-000502,31913673499,2025-09-01T04:14:57.682864,2025-09-07T04:14:57.682864,ELET-001,Smartphone Samsung Galaxy A54,Eletrônicos,1,1984.13,0.0,1984.13,996.49,LOJA_FISICA,CONCLUIDA,PIX,1,VND034,LOJA08
503,PED-20250624-000503,15502909247,2025-06-24T09:24:57.682864,2025-07-02T09:24:57.682864,ELET-001,Smartphone Samsung Galaxy A54,Eletrônicos,1,1473.3,0.0,1473.3,637.82,ECOMMERCE,CONCLUIDA,CARTAO_CREDITO,2,VND019,
504,PED-20260126-000504,39309848731,2026-01-26T07:48:57.682864,2026-01-31T07:48:57.682864,CALC-002,Bota Couro Timberland,Calçados,1,794.21,0.0,794.21,344.28,ECOMMERCE,CONCLUIDA,CARTAO_CREDITO,12,VND016,
505,PED-20250424-000505,92639285688,2025-04-24T06:28:57.682864,,CASA-002,Aspirador Robô iRobot,Casa,1,1635.44,0.0,1635.44,1200.16,TELEVENDAS,PENDENTE,CARTAO_CREDITO,3,VND026,
506,PED-20250605-000506,06124115670,2025-06-05T05:15:57.682864,2025-06-11T05:15:57.682864,ELET-005,iPad Air 5ª Geração,Eletrônicos,1,5102.65,0.0,5102.65,2448.45,ECOMMERCE,CONCLUIDA,CARTAO_CREDITO,2,VND044,
507,PED-20250920-000507,85122536651,2025-09-20T02:41:57.682864,2025-09-29T02:41:57.682864,ELET-003,"Smart TV 55"" LG OLED",Eletrônicos,1,6303.48,315.17,5988.31,2664.19,APP_MOBILE,CONCLUIDA,PIX,1,VND026,
508,PED-20250630-000508,80236337246,2025-06-30T14:19:57.682864,2025-07-10T14:19:57.682864,CALC-001,Tênis Nike Air Max 270,Calçados,1,860.42,0.0,860.42,634.31,APP_MOBILE,CONCLUIDA,PIX,1,VND009,
509,PED-20250604-000509,10594569311,2025-06-04T13:14:57.682864,2025-06-12T13:14:57.682864,LIVR-001,Livro - O Poder do Hábito,Livros,1,53.18,0.0,53.18,39.14,ECOMMERCE,CONCLUIDA,PIX,1,VND028,
510,PED-20260306-000510,55417338044,2026-03-06T09:01:57.682864,2026-03-10T09:01:57.682864,VEST-002,Vestido Social Feminino,Vestuário,1,327.91,49.19,278.72,165.04,APP_MOBILE,CONCLUIDA,CARTAO_CREDITO,1,VND024,
511,PED-20250813-000511,04178441159,2025-08-13T06:26:57.682864,2025-08-19T06:26:57.682864,ELET-005,iPad Air 5ª Geração,Eletrônicos,1,4597.88,459.79,4138.09,2298.13,ECOMMERCE,CONCLUIDA,CARTAO_DEBITO,1,VND036,
512,PED-20250629-000512,94239531233,2025-06-29T07:00:57.682864,2025-07-06T07:00:57.682864,VEST-002,Vestido Social Feminino,Vestuário,1,415.48,0.0,415.48,297.86,LOJA_FISICA,CONCLUIDA,PIX,1,VND029,LOJA04
513,PED-20251130-000513,00154165930,2025-11-30T06:25:57.682864,2025-12-04T06:25:57.682864,ELET-001,Smartphone Samsung Galaxy A54,Eletrônicos,1,1445.61,0.0,1445.61,880.81,ECOMMERCE,CONCLUIDA,BOLETO,1,VND038,
514,PED-20250918-000514,14194886780,2025-09-18T04:02:57.682864,2025-09-27T04:02:57.682864,CASA-001,Cafeteira Nespresso Essenza,Casa,1,411.03,0.0,411.03,275.7,ECOMMERCE,CONCLUIDA,CARTAO_CREDITO,1,VND050,
515,PED-20250710-000515,18843946714,2025-07-10T12:57:57.682864,,ESPO-001,Bicicleta Caloi 21 Marchas,Esportes,1,1372.41,137.24,1235.17,618.77,ECOMMERCE,CANCELADA,CARTAO_CREDITO,6,VND001,
516,PED-20250520-000516,74239516927,2025-05-20T15:33:57.682864,2025-05-25T15:33:57.682864,ELET-005,iPad Air 5ª Geração,Eletrônicos,1,5880.78,294.04,5586.74,2893.8,ECOMMERCE,CONCLUIDA,CARTAO_CREDITO,12,VND016,
517,PED-20250608-000517,54729806409,2025-06-08T03:41:57.682864,2025-06-13T03:41:57.682864,VEST-002,Vestido Social Feminino,Vestuário,2,431.61,43.16,820.06,416.63,LOJA_FISICA,CONCLUIDA,PIX,1,VND043,LOJA11
518,PED-20250502-000518,04178441159,2025-05-02T08:31:57.682864,2025-05-10T08:31:57.682864,VEST-002,Vestido Social Feminino,Vestuário,1,398.64,0.0,398.64,282.67,LOJA_FISICA,CONCLUIDA,CARTAO_CREDITO,6,VND049,LOJA16
519,PED-20250416-000519,50006890032,2025-04-16T08:46:57.682864,2025-04-19T08:46:57.682864,ESPO-001,Bicicleta Caloi 21 Marchas,Esportes,1,1156.96,0.0,1156.96,753.93,LOJA_FISICA,CONCLUIDA,PIX,1,VND026,LOJA16
520,PED-20251005-000520,40493641742,2025-10-05T12:27:57.682864,2025-10-14T12:27:57.682864,ESPO-001,Bicicleta Caloi 21 Marchas,Esportes,1,1175.55,0.0,1175.55,702.75,ECOMMERCE,CONCLUIDA,CARTAO_CREDITO,12,VND009,
521,PED-20250518-000521,58093490566,2025-05-18T05:40:57.682864,2025-05-28T05:40:57.682864,CASA-002,Aspirador Robô iRobot,Casa,1,1728.08,0.0,1728.08,1073.18,LOJA_FISICA,CONCLUIDA,CARTAO_DEBITO,1,VND048,LOJA14
522,PED-20250427-000522,16148393018,2025-04-27T03:40:57.682864,,ELET-001,Smartphone Samsung Galaxy A54,Eletrônicos,1,1965.1,0.0,1965.1,995.43,TELEVENDAS,CANCELADA,BOLETO,1,VND027,
523,PED-20250902-000523,14993666985,2025-09-02T07:13:57.682864,,ESPO-001,Bicicleta Caloi 21 Marchas,Esportes,1,1432.94,0.0,1432.94,575.9,ECOMMERCE,CANCELADA,PIX,1,VND038,
524,PED-20250516-000524,73249885630,2025-05-16T14:53:57.682864,2025-05-19T14:53:57.682864,ELET-005,iPad Air 5ª Geração,Eletrônicos,1,6899.67,344.98,6554.69,3510.7,LOJA_FISICA,CONCLUIDA,CARTAO_DEBITO,1,VND023,LOJA06
525,PED-20251127-000525,25281198793,2025-11-27T09:18:57.682864,2025-12-02T09:18:57.682864,ALIM-001,Kit Chocolate Belga Importado,Alimentação,1,167.81,0.0,167.81,106.32,ECOMMERCE,CONCLUIDA,CARTAO_CREDITO,1,VND006,
526,PED-20260126-000526,05254000600,2026-01-26T04:26:57.682864,2026-02-02T04:26:57.682864,BELE-001,Perfume Natura Essencial,Beleza,1,252.62,0.0,252.62,134.9,ECOMMERCE,CONCLUIDA,BOLETO,1,VND026,
527,PED-20250927-000527,41474669662,2025-09-27T06:44:57.682864,2025-09-30T06:44:57.682864,ELET-004,Fone JBL Tune 760NC,Eletrônicos,1,473.85,47.39,426.46,233.81,ECOMMERCE,CONCLUIDA,PIX,1,VND010,
528,PED-20250912-000528,69657455685,2025-09-12T10:43:57.682864,2025-09-15T10:43:57.682864,BELE-001,Perfume Natura Essencial,Beleza,1,201.79,0.0,201.79,114.7,TELEVENDAS,CONCLUIDA,PIX,1,VND029,
529,PED-20250426-000529,56825739352,2025-04-26T08:43:57.682864,2025-04-30T08:43:57.682864,BELE-001,Perfume Natura Essencial,Beleza,1,213.18,0.0,213.18,95.7,APP_MOBILE,CONCLUIDA,PIX,1,VND032,
530,PED-20260221-000530,64602508804,2026-02-21T10:41:57.682864,2026-02-25T10:41:57.682864,BELE-001,Perfume Natura Essencial,Beleza,1,176.72,0.0,176.72,103.47,ECOMMERCE,CONCLUIDA,CARTAO_DEBITO,1,VND025,
531,PED-20260120-000531,17948442367,2026-01-20T10:23:57.682864,,ELET-004,Fone JBL Tune 760NC,Eletrônicos,1,389.72,0.0,389.72,188.59,ECOMMERCE,CANCELADA,CARTAO_CREDITO,12,VND012,
532,PED-20250529-000532,74610487160,2025-05-29T12:03:57.682864,2025-06-05T12:03:57.682864,ELET-004,Fone JBL Tune 760NC,Eletrônicos,1,582.99,0.0,582.99,315.46,TELEVENDAS,CONCLUIDA,CARTAO_DEBITO,1,VND021,
533,PED-20251115-000533,24021504753,2025-11-15T09:51:57.682864,2025-11-24T09:51:57.682864,CALC-001,Tênis Nike Air Max 270,Calçados,1,720.38,0.0,720.38,321.78,LOJA_FISICA,CONCLUIDA,CARTAO_CREDITO,3,VND020,LOJA20
534,PED-20250813-000534,94239531233,2025-08-13T15:04:57.682864,2025-08-18T15:04:57.682864,ELET-001,Smartphone Samsung Galaxy A54,Eletrônicos,1,2106.43,0.0,2106.43,1502.46,ECOMMERCE,CONCLUIDA,BOLETO,1,VND007,
535,PED-20260316-000535,26765674039,2026-03-16T03:09:57.682864,2026-03-23T03:09:57.682864,ELET-001,Smartphone Samsung Galaxy A54,Eletrônicos,1,1291.22,0.0,1291.22,682.57,LOJA_FISICA,CONCLUIDA,PIX,1,VND049,LOJA14
536,PED-20250705-000536,78978753426,2025-07-05T01:44:57.682864,2025-07-11T01:44:57.682864,CALC-001,Tênis Nike Air Max 270,Calçados,1,793.38,0.0,793.38,378.46,ECOMMERCE,CONCLUIDA,CARTAO_CREDITO,1,VND010,
537,PED-20250924-000537,11778064442,2025-09-24T06:15:57.682864,2025-10-02T06:15:57.682864,ELET-005,iPad Air 5ª Geração,Eletrônicos,1,5191.07,0.0,5191.07,3158.48,ECOMMERCE,CONCLUIDA,CARTAO_CREDITO,1,VND041,
538,PED-20250510-000538,67597252200,2025-05-10T02:02:57.682864,2025-05-20T02:02:57.682864,VEST-002,Vestido Social Feminino,Vestuário,1,239.69,0.0,239.69,102.75,TELEVENDAS,DEVOLVIDA,PIX,1,VND020,
539,PED-20250630-000539,28791157447,2025-06-30T02:27:57.682864,2025-07-07T02:27:57.682864,BELE-001,Perfume Natura Essencial,Beleza,2,187.44,74.98,299.9,123.71,ECOMMERCE,CONCLUIDA,PIX,1,VND025,
540,PED-20250521-000540,68248770508,2025-05-21T04:00:57.682864,2025-05-29T04:00:57.682864,ELET-003,"Smart TV 55"" LG OLED",Eletrônicos,1,5007.68,0.0,5007.68,3427.38,TELEVENDAS,CONCLUIDA,CARTAO_DEBITO,1,VND037,
541,PED-20260122-000541,20394742770,2026-01-22T15:29:57.682864,2026-01-30T15:29:57.682864,VEST-001,Camiseta Polo Masculina,Vestuário,1,83.64,0.0,83.64,36.27,LOJA_FISICA,CONCLUIDA,PIX,1,VND012,LOJA10
542,PED-20250430-000542,75535166600,2025-04-30T04:18:57.682864,2025-05-09T04:18:57.682864,ELET-005,iPad Air 5ª Geração,Eletrônicos,3,7317.04,0.0,21951.12,12362.55,ECOMMERCE,CONCLUIDA,CARTAO_CREDITO,2,VND034,
543,PED-20251106-000543,50006890032,2025-11-06T15:54:57.682864,2025-11-14T15:54:57.682864,VEST-002,Vestido Social Feminino,Vestuário,1,251.46,0.0,251.46,103.85,ECOMMERCE,CONCLUIDA,PIX,1,VND035,
544,PED-20250617-000544,88483781611,2025-06-17T12:28:57.682864,2025-06-20T12:28:57.682864,BELE-001,Perfume Natura Essencial,Beleza,1,138.55,0.0,138.55,60.1,APP_MOBILE,CONCLUIDA,CARTAO_DEBITO,1,VND009,
545,PED-20250420-000545,92431186253,2025-04-20T13:39:57.682864,2025-04-29T13:39:57.682864,ELET-005,iPad Air 5ª Geração,Eletrônicos,1,5393.86,0.0,5393.86,2181.4,LOJA_FISICA,CONCLUIDA,CARTAO_CREDITO,6,VND023,LOJA18
546,PED-20250923-000546,54729806409,2025-09-23T08:48:57.682864,2025-09-29T08:48:57.682864,CALC-002,Bota Couro Timberland,Calçados,1,779.14,0.0,779.14,533.43,TELEVENDAS,CONCLUIDA,CARTAO_CREDITO,1,VND019,
547,PED-20250912-000547,59150508830,2025-09-12T11:49:57.682864,2025-09-18T11:49:57.682864,ELET-003,"Smart TV 55"" LG OLED",Eletrônicos,1,5824.38,873.66,4950.72,2761.78,ECOMMERCE,CONCLUIDA,PIX,1,VND045,
548,PED-20250501-000548,48591820819,2025-05-01T05:43:57.682864,2025-05-04T05:43:57.682864,ALIM-001,Kit Chocolate Belga Importado,Alimentação,1,80.18,0.0,80.18,40.24,APP_MOBILE,CONCLUIDA,CARTAO_CREDITO,1,VND015,
549,PED-20250626-000549,22713530253,2025-06-26T10:10:57.682864,2025-06-30T10:10:57.682864,CALC-001,Tênis Nike Air Max 270,Calçados,1,802.42,0.0,802.42,435.52,ECOMMERCE,CONCLUIDA,BOLETO,1,VND018,
550,PED-20251008-000550,65911695715,2025-10-08T09:37:57.682864,,CASA-001,Cafeteira Nespresso Essenza,Casa,1,592.99,0.0,592.99,264.06,APP_MOBILE,CANCELADA,CARTAO_CREDITO,3,VND036,
551,PED-20250718-000551,82406228525,2025-07-18T13:25:57.682864,2025-07-26T13:25:57.682864,ESPO-001,Bicicleta Caloi 21 Marchas,Esportes,2,1969.74,0.0,3939.48,2613.54,ECOMMERCE,CONCLUIDA,PIX,1,VND014,
552,PED-20250824-000552,90480458863,2025-08-24T09:39:57.682864,2025-08-31T09:39:57.682864,ELET-003,"Smart TV 55"" LG OLED",Eletrônicos,1,3548.83,0.0,3548.83,2496.35,ECOMMERCE,CONCLUIDA,PIX,1,VND020,
553,PED-20250530-000553,02719310352,2025-05-30T12:20:57.682864,2025-06-09T12:20:57.682864,VEST-002,Vestido Social Feminino,Vestuário,1,159.92,0.0,159.92,65.1,LOJA_FISICA,CONCLUIDA,CARTAO_CREDITO,1,VND039,LOJA08
554,PED-20250813-000554,38944459479,2025-08-13T06:30:57.682864,2025-08-23T06:30:57.682864,ELET-001,Smartphone Samsung Galaxy A54,Eletrônicos,2,1841.05,368.21,3313.89,1502.92,TELEVENDAS,DEVOLVIDA,PIX,1,VND009,
555,PED-20251129-000555,71878662082,2025-11-29T07:56:57.682864,2025-12-02T07:56:57.682864,CALC-002,Bota Couro Timberland,Calçados,2,931.27,0.0,1862.54,1165.56,LOJA_FISICA,CONCLUIDA,CARTAO_CREDITO,2,VND002,LOJA13
556,PED-20250516-000556,35230461659,2025-05-16T01:07:57.682864,2025-05-21T01:07:57.682864,ELET-001,Smartphone Samsung Galaxy A54,Eletrônicos,1,1793.89,0.0,1793.89,891.01,APP_MOBILE,CONCLUIDA,CARTAO_CREDITO,1,VND033,
557,PED-20250602-000557,18843946714,2025-06-02T03:53:57.682864,2025-06-09T03:53:57.682864,ELET-003,"Smart TV 55"" LG OLED",Eletrônicos,2,4069.68,0.0,8139.36,3297.72,APP_MOBILE,CONCLUIDA,CARTAO_CREDITO,2,VND005,
558,PED-20250713-000558,10848875095,2025-07-13T13:45:57.682864,,VEST-002,Vestido Social Feminino,Vestuário,1,388.24,0.0,388.24,159.43,TELEVENDAS,PENDENTE,CARTAO_CREDITO,2,VND001,
559,PED-20250830-000559,41474669662,2025-08-30T12:29:57.682864,2025-09-04T12:29:57.682864,CASA-001,Cafeteira Nespresso Essenza,Casa,1,658.41,0.0,658.41,397.8,ECOMMERCE,CONCLUIDA,CARTAO_CREDITO,3,VND045,
560,PED-20250506-000560,79862588705,2025-05-06T15:38:57.682864,2025-05-15T15:38:57.682864,VEST-002,Vestido Social Feminino,Vestuário,1,393.33,0.0,393.33,216.88,ECOMMERCE,CONCLUIDA,PIX,1,VND005,
561,PED-20250630-000561,27974535571,2025-06-30T14:12:57.682864,2025-07-10T14:12:57.682864,ELET-001,Smartphone Samsung Galaxy A54,Eletrônicos,1,2128.86,0.0,2128.86,1588.93,ECOMMERCE,CONCLUIDA,CARTAO_CREDITO,12,VND020,
562,PED-20250814-000562,88483781611,2025-08-14T12:52:57.682864,2025-08-20T12:52:57.682864,ELET-004,Fone JBL Tune 760NC,Eletrônicos,1,537.61,0.0,537.61,228.48,ECOMMERCE,CONCLUIDA,CARTAO_CREDITO,2,VND015,
563,PED-20251009-000563,60159461057,2025-10-09T05:33:57.682864,2025-10-19T05:33:57.682864,ALIM-001,Kit Chocolate Belga Importado,Alimentação,1,86.25,0.0,86.25,43.6,APP_MOBILE,CONCLUIDA,BOLETO,1,VND036,
564,PED-20250911-000564,69657455685,2025-09-11T15:05:57.682864,2025-09-15T15:05:57.682864,CASA-002,Aspirador Robô iRobot,Casa,1,2719.76,0.0,2719.76,1137.77,LOJA_FISICA,CONCLUIDA,BOLETO,1,VND049,LOJA15
565,PED-20251017-000565,92241549304,2025-10-17T01:19:57.682864,2025-10-23T01:19:57.682864,VEST-002,Vestido Social Feminino,Vestuário,1,448.13,44.81,403.32,265.53,TELEVENDAS,CONCLUIDA,PIX,1,VND010,
566,PED-20250530-000566,20969089732,2025-05-30T10:45:57.682864,2025-06-07T10:45:57.682864,BELE-001,Perfume Natura Essencial,Beleza,2,153.14,30.63,275.65,114.41,LOJA_FISICA,CONCLUIDA,CARTAO_CREDITO,12,VND039,LOJA04
567,PED-20260219-000567,62513572408,2026-02-19T10:53:57.682864,2026-02-25T10:53:57.682864,ELET-005,iPad Air 5ª Geração,Eletrônicos,1,7246.8,0.0,7246.8,2991.4,TELEVENDAS,CONCLUIDA,CARTAO_CREDITO,1,VND046,
568,PED-20250520-000568,47299128705,2025-05-20T04:17:57.682864,2025-05-24T04:17:57.682864,CASA-002,Aspirador Robô iRobot,Casa,1,2419.23,120.96,2298.27,1234.83,ECOMMERCE,CONCLUIDA,PIX,1,VND010,
569,PED-20250713-000569,58093490566,2025-07-13T09:56:57.682864,2025-07-23T09:56:57.682864,ELET-001,Smartphone Samsung Galaxy A54,Eletrônicos,1,2126.93,0.0,2126.93,1437.88,APP_MOBILE,CONCLUIDA,PIX,1,VND027,
570,PED-20251122-000570,66460032629,2025-11-22T02:07:57.682864,2025-11-29T02:07:57.682864,ELET-001,Smartphone Samsung Galaxy A54,Eletrônicos,1,1678.38,167.84,1510.54,1050.37,ECOMMERCE,CONCLUIDA,PIX,1,VND042,
571,PED-20250720-000571,61583298517,2025-07-20T10:06:57.682864,2025-07-30T10:06:57.682864,CALC-001,Tênis Nike Air Max 270,Calçados,1,575.57,0.0,575.57,361.86,ECOMMERCE,CONCLUIDA,CARTAO_CREDITO,2,VND018,
572,PED-20251116-000572,13298320781,2025-11-16T11:31:57.682864,2025-11-25T11:31:57.682864,CALC-002,Bota Couro Timberland,Calçados,1,902.85,0.0,902.85,541.58,TELEVENDAS,CONCLUIDA,BOLETO,1,VND016,
573,PED-20250413-000573,61583298517,2025-04-13T15:40:57.682864,2025-04-20T15:40:57.682864,CASA-002,Aspirador Robô iRobot,Casa,1,2604.94,520.99,2083.95,982.91,APP_MOBILE,CONCLUIDA,CARTAO_DEBITO,1,VND041,
574,PED-20250902-000574,78978753426,2025-09-02T09:16:57.682864,2025-09-12T09:16:57.682864,ELET-002,Notebook Dell Inspiron 15,Eletrônicos,1,5096.83,0.0,5096.83,3676.29,LOJA_FISICA,CONCLUIDA,CARTAO_DEBITO,1,VND012,LOJA16
575,PED-20250817-000575,50006890032,2025-08-17T10:41:57.682864,2025-08-26T10:41:57.682864,BELE-001,Perfume Natura Essencial,Beleza,1,201.9,0.0,201.9,111.1,ECOMMERCE,CONCLUIDA,CARTAO_DEBITO,1,VND034,
576,PED-20250913-000576,24530593606,2025-09-13T03:39:57.682864,2025-09-18T03:39:57.682864,CASA-002,Aspirador Robô iRobot,Casa,1,3441.65,516.25,2925.4,1559.37,LOJA_FISICA,CONCLUIDA,CARTAO_CREDITO,12,VND012,LOJA06
577,PED-20251127-000577,85901775210,2025-11-27T09:33:57.682864,2025-12-05T09:33:57.682864,ELET-004,Fone JBL Tune 760NC,Eletrônicos,1,489.53,0.0,489.53,232.1,APP_MOBILE,CONCLUIDA,BOLETO,1,VND023,
578,PED-20250524-000578,74239516927,2025-05-24T07:54:57.682864,2025-06-02T07:54:57.682864,CASA-002,Aspirador Robô iRobot,Casa,1,2400.33,0.0,2400.33,1475.21,ECOMMERCE,CONCLUIDA,BOLETO,1,VND008,
579,PED-20250509-000579,02719310352,2025-05-09T01:05:57.682864,2025-05-19T01:05:57.682864,ELET-001,Smartphone Samsung Galaxy A54,Eletrônicos,1,1239.24,0.0,1239.24,693.11,ECOMMERCE,CONCLUIDA,PIX,1,VND050,
580,PED-20250611-000580,90721358306,2025-06-11T13:13:57.682864,2025-06-19T13:13:57.682864,CALC-001,Tênis Nike Air Max 270,Calçados,1,451.03,0.0,451.03,207.9,ECOMMERCE,CONCLUIDA,CARTAO_CREDITO,1,VND029,
581,PED-20250802-000581,10848875095,2025-08-02T04:34:57.682864,2025-08-07T04:34:57.682864,CALC-001,Tênis Nike Air Max 270,Calçados,1,886.08,0.0,886.08,572.88,ECOMMERCE,CONCLUIDA,PIX,1,VND009,
582,PED-20250907-000582,51238477909,2025-09-07T09:14:57.682864,2025-09-10T09:14:57.682864,ELET-004,Fone JBL Tune 760NC,Eletrônicos,1,553.19,0.0,553.19,356.26,LOJA_FISICA,CONCLUIDA,PIX,1,VND009,LOJA18
583,PED-20250715-000583,62513572408,2025-07-15T05:45:57.682864,,ALIM-001,Kit Chocolate Belga Importado,Alimentação,1,97.28,9.73,87.55,37.37,APP_MOBILE,CANCELADA,PIX,1,VND026,
584,PED-20251205-000584,31913673499,2025-12-05T03:29:57.682864,2025-12-10T03:29:57.682864,ELET-005,iPad Air 5ª Geração,Eletrônicos,1,6071.13,1214.23,4856.9,3397.28,ECOMMERCE,CONCLUIDA,CARTAO_CREDITO,2,VND005,
585,PED-20250823-000585,60941266451,2025-08-23T04:52:57.682864,2025-08-27T04:52:57.682864,ALIM-001,Kit Chocolate Belga Importado,Alimentação,1,106.58,0.0,106.58,73.39,ECOMMERCE,DEVOLVIDA,CARTAO_CREDITO,1,VND012,
586,PED-20250525-000586,52406481239,2025-05-25T02:41:57.682864,2025-05-31T02:41:57.682864,BELE-001,Perfume Natura Essencial,Beleza,1,226.41,45.28,181.13,123.59,LOJA_FISICA,CONCLUIDA,CARTAO_DEBITO,1,VND042,LOJA17
587,PED-20260110-000587,28740709124,2026-01-10T05:14:57.682864,2026-01-14T05:14:57.682864,ELET-005,iPad Air 5ª Geração,Eletrônicos,1,6898.24,1034.74,5863.5,3659.77,APP_MOBILE,CONCLUIDA,PIX,1,VND045,
588,PED-20251024-000588,06409388845,2025-10-24T01:22:57.682864,2025-10-27T01:22:57.682864,BELE-001,Perfume Natura Essencial,Beleza,1,218.04,0.0,218.04,138.94,ECOMMERCE,CONCLUIDA,PIX,1,VND037,
589,PED-20260316-000589,47094930062,2026-03-16T02:43:57.682864,2026-03-26T02:43:57.682864,CASA-002,Aspirador Robô iRobot,Casa,1,1510.6,0.0,1510.6,1060.34,LOJA_FISICA,CONCLUIDA,PIX,1,VND009,LOJA15
590,PED-20250523-000590,70715013351,2025-05-23T13:31:57.682864,2025-05-28T13:31:57.682864,CASA-002,Aspirador Robô iRobot,Casa,1,2133.89,0.0,2133.89,1057.1,ECOMMERCE,CONCLUIDA,PIX,1,VND027,
591,PED-20250812-000591,50006890032,2025-08-12T06:31:57.682864,2025-08-19T06:31:57.682864,CALC-002,Bota Couro Timberland,Calçados,2,967.24,193.45,1741.03,1004.25,APP_MOBILE,CONCLUIDA,CARTAO_CREDITO,1,VND029,
592,PED-20251009-000592,63814684753,2025-10-09T11:39:57.682864,2025-10-13T11:39:57.682864,ELET-004,Fone JBL Tune 760NC,Eletrônicos,1,439.99,88.0,351.99,147.06,ECOMMERCE,CONCLUIDA,BOLETO,1,VND040,
593,PED-20250922-000593,14679404612,2025-09-22T07:04:57.682864,2025-09-25T07:04:57.682864,ELET-004,Fone JBL Tune 760NC,Eletrônicos,1,519.73,0.0,519.73,230.04,LOJA_FISICA,CONCLUIDA,BOLETO,1,VND015,LOJA18
594,PED-20250419-000594,32321228687,2025-04-19T05:00:57.682864,,ALIM-001,Kit Chocolate Belga Importado,Alimentação,1,98.13,0.0,98.13,55.72,TELEVENDAS,CANCELADA,BOLETO,1,VND029,
595,PED-20260121-000595,88483781611,2026-01-21T02:53:57.682864,,CASA-002,Aspirador Robô iRobot,Casa,1,2107.74,0.0,2107.74,941.75,ECOMMERCE,CANCELADA,CARTAO_DEBITO,1,VND039,
596,PED-20250515-000596,00177956488,2025-05-15T07:19:57.682864,2025-05-20T07:19:57.682864,VEST-001,Camiseta Polo Masculina,Vestuário,1,149.04,29.81,119.23,64.47,LOJA_FISICA,CONCLUIDA,PIX,1,VND019,LOJA03
597,PED-20250513-000597,85207275739,2025-05-13T14:39:57.682864,2025-05-19T14:39:57.682864,CASA-002,Aspirador Robô iRobot,Casa,1,2933.23,586.65,2346.58,1311.69,LOJA_FISICA,CONCLUIDA,BOLETO,1,VND022,LOJA11
598,PED-20250501-000598,10848875095,2025-05-01T14:04:57.682864,2025-05-11T14:04:57.682864,ESPO-001,Bicicleta Caloi 21 Marchas,Esportes,1,897.26,0.0,897.26,539.7,APP_MOBILE,CONCLUIDA,CARTAO_CREDITO,1,VND008,
599,PED-20251219-000599,55575588025,2025-12-19T09:55:57.682864,2025-12-26T09:55:57.682864,ELET-002,Notebook Dell Inspiron 15,Eletrônicos,2,5168.35,1550.51,8786.19,5201.36,ECOMMERCE,CONCLUIDA,PIX,1,VND018,
600,PED-20250829-000600,04509193238,2025-08-29T10:42:57.682864,2025-09-05T10:42:57.682864,CALC-001,Tênis Nike Air Max 270,Calçados,1,822.38,41.12,781.26,325.59,ECOMMERCE,CONCLUIDA,BOLETO,1,VND017,
601,PED-20251125-000601,29407901831,2025-11-25T10:44:57.682864,2025-11-28T10:44:57.682864,CASA-001,Cafeteira Nespresso Essenza,Casa,1,418.39,0.0,418.39,247.05,LOJA_FISICA,CONCLUIDA,BOLETO,1,VND011,LOJA05
602,PED-20250709-000602,72448594228,2025-07-09T01:48:57.682864,2025-07-17T01:48:57.682864,ELET-005,iPad Air 5ª Geração,Eletrônicos,1,4883.71,0.0,4883.71,3297.0,LOJA_FISICA,CONCLUIDA,CARTAO_CREDITO,12,VND042,LOJA06
603,PED-20250815-000603,41039768458,2025-08-15T04:27:57.682864,2025-08-19T04:27:57.682864,CALC-002,Bota Couro Timberland,Calçados,1,788.08,0.0,788.08,513.52,ECOMMERCE,CONCLUIDA,CARTAO_DEBITO,1,VND006,
604,PED-20250430-000604,80832357170,2025-04-30T12:41:57.682864,2025-05-09T12:41:57.682864,ESPO-001,Bicicleta Caloi 21 Marchas,Esportes,1,1691.64,84.58,1607.06,669.98,LOJA_FISICA,CONCLUIDA,PIX,1,VND037,LOJA10
605,PED-20260307-000605,92241549304,2026-03-07T13:04:57.682864,2026-03-12T13:04:57.682864,ELET-003,"Smart TV 55"" LG OLED",Eletrônicos,1,4806.72,0.0,4806.72,3434.47,ECOMMERCE,CONCLUIDA,BOLETO,1,VND043,
606,PED-20250505-000606,64324992835,2025-05-05T11:12:57.682864,2025-05-12T11:12:57.682864,VEST-002,Vestido Social Feminino,Vestuário,1,297.86,14.89,282.97,127.11,APP_MOBILE,CONCLUIDA,BOLETO,1,VND045,
607,PED-20260122-000607,90721358306,2026-01-22T13:50:57.682864,2026-02-01T13:50:57.682864,CASA-001,Cafeteira Nespresso Essenza,Casa,1,412.84,0.0,412.84,224.16,ECOMMERCE,CONCLUIDA,CARTAO_DEBITO,1,VND002,
608,PED-20250716-000608,61463985860,2025-07-16T02:17:57.682864,2025-07-22T02:17:57.682864,ELET-003,"Smart TV 55"" LG OLED",Eletrônicos,1,4452.42,0.0,4452.42,3120.95,ECOMMERCE,CONCLUIDA,CARTAO_CREDITO,1,VND015,
609,PED-20260226-000609,67834916920,2026-02-26T13:01:57.682864,2026-03-04T13:01:57.682864,ESPO-001,Bicicleta Caloi 21 Marchas,Esportes,1,1484.73,0.0,1484.73,695.5,ECOMMERCE,CONCLUIDA,CARTAO_CREDITO,3,VND045,
610,PED-20251125-000610,31514361965,2025-11-25T14:59:57.682864,2025-12-03T14:59:57.682864,CASA-001,Cafeteira Nespresso Essenza,Casa,1,469.4,0.0,469.4,314.06,ECOMMERCE,CONCLUIDA,PIX,1,VND013,
611,PED-20250603-000611,32715874855,2025-06-03T11:29:57.682864,2025-06-12T11:29:57.682864,ALIM-001,Kit Chocolate Belga Importado,Alimentação,1,98.84,0.0,98.84,73.43,ECOMMERCE,CONCLUIDA,BOLETO,1,VND045,
612,PED-20250414-000612,65698611157,2025-04-14T01:41:57.682864,2025-04-17T01:41:57.682864,ELET-001,Smartphone Samsung Galaxy A54,Eletrônicos,1,2069.03,0.0,2069.03,1378.17,ECOMMERCE,CONCLUIDA,CARTAO_CREDITO,12,VND005,
613,PED-20250623-000613,63724858426,2025-06-23T01:04:57.682864,2025-06-27T01:04:57.682864,ALIM-001,Kit Chocolate Belga Importado,Alimentação,1,93.41,0.0,93.41,56.79,LOJA_FISICA,DEVOLVIDA,CARTAO_CREDITO,1,VND046,LOJA04
614,PED-20250424-000614,42838346377,2025-04-24T05:05:57.682864,2025-05-02T05:05:57.682864,CASA-001,Cafeteira Nespresso Essenza,Casa,3,457.51,0.0,1372.53,740.8,APP_MOBILE,CONCLUIDA,PIX,1,VND032,
615,PED-20250430-000615,40357903382,2025-04-30T15:23:57.682864,,BELE-001,Perfume Natura Essencial,Beleza,1,144.03,14.4,129.63,92.75,TELEVENDAS,CANCELADA,BOLETO,1,VND021,
616,PED-20260408-000616,05778359047,2026-04-08T01:08:57.682864,2026-04-14T01:08:57.682864,VEST-001,Camiseta Polo Masculina,Vestuário,2,96.13,0.0,192.26,128.45,LOJA_FISICA,CONCLUIDA,BOLETO,1,VND050,LOJA02
617,PED-20251227-000617,61583298517,2025-12-27T03:53:57.682864,,ELET-003,"Smart TV 55"" LG OLED",Eletrônicos,1,3791.91,189.6,3602.31,1707.67,ECOMMERCE,CANCELADA,CARTAO_CREDITO,6,VND026,
618,PED-20250529-000618,23599171882,2025-05-29T13:54:57.682864,2025-06-08T13:54:57.682864,CASA-001,Cafeteira Nespresso Essenza,Casa,2,427.07,0.0,854.14,547.24,ECOMMERCE,CONCLUIDA,CARTAO_CREDITO,6,VND001,
619,PED-20250727-000619,85901775210,2025-07-27T12:38:57.682864,2025-07-31T12:38:57.682864,CASA-002,Aspirador Robô iRobot,Casa,1,3474.52,0.0,3474.52,1863.26,ECOMMERCE,CONCLUIDA,BOLETO,1,VND022,
620,PED-20251128-000620,44034403128,2025-11-28T00:59:57.682864,2025-12-08T00:59:57.682864,ALIM-001,Kit Chocolate Belga Importado,Alimentação,1,125.57,0.0,125.57,92.4,ECOMMERCE,CONCLUIDA,BOLETO,1,VND016,
621,PED-20250824-000621,79862588705,2025-08-24T07:44:57.682864,2025-08-31T07:44:57.682864,ALIM-001,Kit Chocolate Belga Importado,Alimentação,1,140.33,0.0,140.33,64.26,ECOMMERCE,CONCLUIDA,CARTAO_CREDITO,1,VND007,
622,PED-20250426-000622,04178441159,2025-04-26T04:13:57.682864,,ELET-005,iPad Air 5ª Geração,Eletrônicos,1,7447.95,1117.19,6330.76,4564.84,ECOMMERCE,CANCELADA,BOLETO,1,VND029,
623,PED-20250615-000623,73968443047,2025-06-15T10:54:57.682864,2025-06-22T10:54:57.682864,ELET-005,iPad Air 5ª Geração,Eletrônicos,1,5370.91,0.0,5370.91,2420.19,ECOMMERCE,CONCLUIDA,CARTAO_CREDITO,3,VND001,
624,PED-20250806-000624,90480458863,2025-08-06T14:36:57.682864,2025-08-14T14:36:57.682864,LIVR-001,Livro - O Poder do Hábito,Livros,1,52.15,7.82,44.33,22.27,APP_MOBILE,CONCLUIDA,PIX,1,VND040,
625,PED-20250422-000625,32715874855,2025-04-22T15:35:57.682864,2025-04-28T15:35:57.682864,CASA-001,Cafeteira Nespresso Essenza,Casa,1,563.44,0.0,563.44,334.87,ECOMMERCE,CONCLUIDA,BOLETO,1,VND021,
626,PED-20250716-000626,16148393018,2025-07-16T11:17:57.682864,2025-07-24T11:17:57.682864,ESPO-001,Bicicleta Caloi 21 Marchas,Esportes,1,1881.61,0.0,1881.61,1175.96,ECOMMERCE,CONCLUIDA,PIX,1,VND022,
627,PED-20250629-000627,18291916837,2025-06-29T01:59:57.682864,,VEST-002,Vestido Social Feminino,Vestuário,1,302.11,0.0,302.11,187.33,ECOMMERCE,CANCELADA,CARTAO_CREDITO,1,VND029,
628,PED-20250417-000628,24530593606,2025-04-17T15:32:57.682864,2025-04-26T15:32:57.682864,VEST-001,Camiseta Polo Masculina,Vestuário,1,203.28,0.0,203.28,143.93,ECOMMERCE,CONCLUIDA,CARTAO_CREDITO,2,VND045,
629,PED-20250418-000629,65911695715,2025-04-18T13:25:57.682864,2025-04-28T13:25:57.682864,ELET-005,iPad Air 5ª Geração,Eletrônicos,1,6121.2,0.0,6121.2,3536.61,ECOMMERCE,CONCLUIDA,CARTAO_CREDITO,3,VND008,
630,PED-20250416-000630,67834916920,2025-04-16T10:24:57.682864,2025-04-21T10:24:57.682864,ESPO-001,Bicicleta Caloi 21 Marchas,Esportes,1,1773.94,0.0,1773.94,1144.63,LOJA_FISICA,CONCLUIDA,PIX,1,VND037,LOJA18
631,PED-20250716-000631,05778359047,2025-07-16T07:25:57.682864,2025-07-24T07:25:57.682864,ALIM-001,Kit Chocolate Belga Importado,Alimentação,1,116.38,0.0,116.38,77.87,ECOMMERCE,CONCLUIDA,CARTAO_DEBITO,1,VND006,
632,PED-20250630-000632,16148393018,2025-06-30T10:45:57.682864,2025-07-09T10:45:57.682864,CALC-001,Tênis Nike Air Max 270,Calçados,1,515.52,0.0,515.52,364.33,LOJA_FISICA,CONCLUIDA,CARTAO_DEBITO,1,VND019,LOJA16
633,PED-20250628-000633,61463985860,2025-06-28T06:13:57.682864,2025-07-07T06:13:57.682864,ELET-004,Fone JBL Tune 760NC,Eletrônicos,1,350.84,17.54,333.3,198.39,ECOMMERCE,DEVOLVIDA,PIX,1,VND006,
634,PED-20250703-000634,21367817234,2025-07-03T07:50:57.682864,2025-07-06T07:50:57.682864,CASA-001,Cafeteira Nespresso Essenza,Casa,1,647.36,0.0,647.36,282.18,LOJA_FISICA,CONCLUIDA,CARTAO_CREDITO,12,VND008,LOJA16
635,PED-20250526-000635,99663934808,2025-05-26T05:54:57.682864,2025-06-03T05:54:57.682864,ELET-003,"Smart TV 55"" LG OLED",Eletrônicos,1,6001.7,0.0,6001.7,2542.13,ECOMMERCE,CONCLUIDA,CARTAO_CREDITO,2,VND044,
636,PED-20250424-000636,54577170035,2025-04-24T14:10:57.682864,2025-05-03T14:10:57.682864,ELET-004,Fone JBL Tune 760NC,Eletrônicos,1,531.89,0.0,531.89,390.09,APP_MOBILE,CONCLUIDA,CARTAO_CREDITO,6,VND040,
637,PED-20250527-000637,25028456615,2025-05-27T01:10:57.682864,2025-05-30T01:10:57.682864,ELET-002,Notebook Dell Inspiron 15,Eletrônicos,2,4093.52,0.0,8187.04,4079.18,LOJA_FISICA,CONCLUIDA,PIX,1,VND008,LOJA13
638,PED-20260224-000638,45049569427,2026-02-24T06:20:57.682864,2026-03-02T06:20:57.682864,CALC-001,Tênis Nike Air Max 270,Calçados,1,733.79,0.0,733.79,416.25,TELEVENDAS,CONCLUIDA,CARTAO_CREDITO,6,VND024,
639,PED-20250809-000639,16919546248,2025-08-09T06:12:57.682864,2025-08-16T06:12:57.682864,ELET-001,Smartphone Samsung Galaxy A54,Eletrônicos,1,1851.35,0.0,1851.35,1280.28,LOJA_FISICA,CONCLUIDA,BOLETO,1,VND046,LOJA19
640,PED-20251020-000640,79862588705,2025-10-20T08:35:57.682864,2025-10-30T08:35:57.682864,ALIM-001,Kit Chocolate Belga Importado,Alimentação,1,181.49,0.0,181.49,80.65,ECOMMERCE,CONCLUIDA,PIX,1,VND003,
641,PED-20250529-000641,77008267142,2025-05-29T06:03:57.682864,2025-06-05T06:03:57.682864,ELET-001,Smartphone Samsung Galaxy A54,Eletrônicos,1,1918.64,0.0,1918.64,959.51,TELEVENDAS,CONCLUIDA,CARTAO_DEBITO,1,VND047,
642,PED-20250617-000642,05254000600,2025-06-17T01:33:57.682864,2025-06-23T01:33:57.682864,CALC-002,Bota Couro Timberland,Calçados,1,670.29,0.0,670.29,297.72,APP_MOBILE,CONCLUIDA,CARTAO_CREDITO,2,VND008,
643,PED-20260228-000643,51238477909,2026-02-28T04:37:57.682864,2026-03-09T04:37:57.682864,LIVR-001,Livro - O Poder do Hábito,Livros,1,41.88,0.0,41.88,27.71,ECOMMERCE,CONCLUIDA,CARTAO_DEBITO,1,VND046,
644,PED-20250529-000644,85122536651,2025-05-29T02:00:57.682864,2025-06-04T02:00:57.682864,CASA-001,Cafeteira Nespresso Essenza,Casa,1,461.01,0.0,461.01,262.16,TELEVENDAS,CONCLUIDA,CARTAO_CREDITO,1,VND049,
645,PED-20250925-000645,82425154922,2025-09-25T05:33:57.682864,2025-10-03T05:33:57.682864,CALC-002,Bota Couro Timberland,Calçados,1,652.36,130.47,521.89,335.9,ECOMMERCE,CONCLUIDA,PIX,1,VND013,
646,PED-20250802-000646,40493641742,2025-08-02T08:07:57.682864,2025-08-05T08:07:57.682864,ESPO-001,Bicicleta Caloi 21 Marchas,Esportes,2,863.29,0.0,1726.58,828.77,ECOMMERCE,CONCLUIDA,PIX,1,VND002,
647,PED-20250901-000647,52928418113,2025-09-01T13:34:57.682864,2025-09-10T13:34:57.682864,LIVR-001,Livro - O Poder do Hábito,Livros,1,36.26,5.44,30.82,12.82,APP_MOBILE,CONCLUIDA,BOLETO,1,VND048,
648,PED-20250809-000648,09601751726,2025-08-09T04:29:57.682864,2025-08-18T04:29:57.682864,ELET-001,Smartphone Samsung Galaxy A54,Eletrônicos,1,1791.16,0.0,1791.16,936.95,ECOMMERCE,CONCLUIDA,PIX,1,VND016,
649,PED-20250624-000649,54568602955,2025-06-24T04:36:57.682864,2025-06-28T04:36:57.682864,ELET-003,"Smart TV 55"" LG OLED",Eletrônicos,1,6534.97,0.0,6534.97,3402.1,LOJA_FISICA,CONCLUIDA,BOLETO,1,VND003,LOJA03
650,PED-20250613-000650,81480459500,2025-06-13T08:02:57.682864,2025-06-23T08:02:57.682864,BELE-001,Perfume Natura Essencial,Beleza,1,178.67,0.0,178.67,133.1,ECOMMERCE,CONCLUIDA,BOLETO,1,VND031,
651,PED-20250417-000651,51238477909,2025-04-17T01:40:57.682864,2025-04-26T01:40:57.682864,BELE-001,Perfume Natura Essencial,Beleza,1,193.25,0.0,193.25,104.16,LOJA_FISICA,CONCLUIDA,BOLETO,1,VND027,LOJA07
652,PED-20250527-000652,92623542821,2025-05-27T14:33:57.682864,2025-06-04T14:33:57.682864,ELET-005,iPad Air 5ª Geração,Eletrônicos,1,6552.87,982.93,5569.94,2726.82,ECOMMERCE,CONCLUIDA,PIX,1,VND001,
653,PED-20251130-000653,41039768458,2025-11-30T09:33:57.682864,2025-12-03T09:33:57.682864,ELET-002,Notebook Dell Inspiron 15,Eletrônicos,1,3223.81,322.38,2901.43,1456.54,LOJA_FISICA,CONCLUIDA,PIX,1,VND046,LOJA06
654,PED-20250417-000654,61583298517,2025-04-17T09:13:57.682864,,VEST-002,Vestido Social Feminino,Vestuário,1,415.59,0.0,415.59,247.58,ECOMMERCE,PENDENTE,CARTAO_CREDITO,1,VND045,
655,PED-20250923-000655,50006890032,2025-09-23T09:34:57.682864,2025-10-02T09:34:57.682864,VEST-002,Vestido Social Feminino,Vestuário,1,194.26,0.0,194.26,106.81,ECOMMERCE,CONCLUIDA,CARTAO_CREDITO,1,VND026,
656,PED-20250723-000656,74610487160,2025-07-23T09:33:57.682864,,ELET-005,iPad Air 5ª Geração,Eletrônicos,1,4953.7,0.0,4953.7,2938.69,ECOMMERCE,CANCELADA,PIX,1,VND038,
657,PED-20250616-000657,22091782157,2025-06-16T13:36:57.682864,,ELET-003,"Smart TV 55"" LG OLED",Eletrônicos,1,5492.41,0.0,5492.41,2528.45,ECOMMERCE,CANCELADA,CARTAO_CREDITO,2,VND030,
658,PED-20250801-000658,05254000600,2025-08-01T07:24:57.682864,2025-08-10T07:24:57.682864,CASA-002,Aspirador Robô iRobot,Casa,2,2369.46,0.0,4738.92,3054.03,ECOMMERCE,CONCLUIDA,CARTAO_DEBITO,1,VND045,
659,PED-20251208-000659,29407901831,2025-12-08T03:21:57.682864,2025-12-12T03:21:57.682864,CASA-001,Cafeteira Nespresso Essenza,Casa,1,650.28,0.0,650.28,296.29,APP_MOBILE,CONCLUIDA,BOLETO,1,VND040,
660,PED-20250620-000660,81480459500,2025-06-20T08:16:57.682864,2025-06-27T08:16:57.682864,ELET-002,Notebook Dell Inspiron 15,Eletrônicos,1,4776.48,955.3,3821.18,2385.53,LOJA_FISICA,CONCLUIDA,BOLETO,1,VND013,LOJA17
661,PED-20250720-000661,71534514805,2025-07-20T08:16:57.682864,2025-07-23T08:16:57.682864,CALC-001,Tênis Nike Air Max 270,Calçados,1,769.75,0.0,769.75,565.24,LOJA_FISICA,CONCLUIDA,CARTAO_CREDITO,12,VND009,LOJA04
662,PED-20250418-000662,79199563231,2025-04-18T04:12:57.682864,2025-04-28T04:12:57.682864,ELET-003,"Smart TV 55"" LG OLED",Eletrônicos,1,4680.08,0.0,4680.08,2500.31,APP_MOBILE,CONCLUIDA,BOLETO,1,VND007,
663,PED-20250705-000663,81480459500,2025-07-05T02:33:57.682864,2025-07-12T02:33:57.682864,ESPO-001,Bicicleta Caloi 21 Marchas,Esportes,1,1615.65,0.0,1615.65,650.71,LOJA_FISICA,CONCLUIDA,PIX,1,VND048,LOJA08
664,PED-20260223-000664,92241549304,2026-02-23T07:57:57.682864,2026-03-04T07:57:57.682864,ESPO-001,Bicicleta Caloi 21 Marchas,Esportes,1,1926.48,0.0,1926.48,863.14,LOJA_FISICA,CONCLUIDA,PIX,1,VND030,LOJA09
665,PED-20251001-000665,54812693250,2025-10-01T03:17:57.682864,2025-10-05T03:17:57.682864,ELET-002,Notebook Dell Inspiron 15,Eletrônicos,1,4994.78,0.0,4994.78,2645.42,LOJA_FISICA,CONCLUIDA,CARTAO_CREDITO,2,VND035,LOJA08
666,PED-20250906-000666,67597252200,2025-09-06T10:06:57.682864,2025-09-16T10:06:57.682864,VEST-002,Vestido Social Feminino,Vestuário,1,320.89,0.0,320.89,197.72,ECOMMERCE,CONCLUIDA,PIX,1,VND033,
667,PED-20250626-000667,96815399907,2025-06-26T03:39:57.682864,2025-07-06T03:39:57.682864,CASA-002,Aspirador Robô iRobot,Casa,1,2520.72,126.04,2394.68,1143.14,LOJA_FISICA,CONCLUIDA,PIX,1,VND013,LOJA04
668,PED-20250529-000668,68248770508,2025-05-29T04:38:57.682864,2025-06-07T04:38:57.682864,ELET-004,Fone JBL Tune 760NC,Eletrônicos,1,534.28,0.0,534.28,287.06,ECOMMERCE,CONCLUIDA,BOLETO,1,VND041,
669,PED-20250424-000669,15502909247,2025-04-24T03:53:57.682864,2025-04-30T03:53:57.682864,VEST-002,Vestido Social Feminino,Vestuário,1,278.21,0.0,278.21,155.21,TELEVENDAS,DEVOLVIDA,PIX,1,VND009,
670,PED-20251017-000670,00154165930,2025-10-17T10:39:57.682864,2025-10-24T10:39:57.682864,CALC-001,Tênis Nike Air Max 270,Calçados,1,837.8,83.78,754.02,366.21,TELEVENDAS,CONCLUIDA,PIX,1,VND050,
671,PED-20260105-000671,67834916920,2026-01-05T11:08:57.682864,2026-01-15T11:08:57.682864,ELET-003,"Smart TV 55"" LG OLED",Eletrônicos,1,4771.89,954.38,3817.51,1823.5,ECOMMERCE,CONCLUIDA,CARTAO_CREDITO,1,VND023,
672,PED-20250826-000672,15502909247,2025-08-26T15:41:57.682864,2025-08-29T15:41:57.682864,ELET-004,Fone JBL Tune 760NC,Eletrônicos,1,515.92,0.0,515.92,364.18,APP_MOBILE,CONCLUIDA,PIX,1,VND023,
673,PED-20250727-000673,64602508804,2025-07-27T14:10:57.682864,,ELET-001,Smartphone Samsung Galaxy A54,Eletrônicos,1,1425.79,285.16,1140.63,731.66,LOJA_FISICA,CANCELADA,PIX,1,VND009,LOJA14
674,PED-20250414-000674,02630961141,2025-04-14T01:53:57.682864,,CALC-002,Bota Couro Timberland,Calçados,1,618.66,61.87,556.79,254.05,LOJA_FISICA,CANCELADA,PIX,1,VND050,LOJA16
675,PED-20250927-000675,51238477909,2025-09-27T01:04:57.682864,2025-10-07T01:04:57.682864,BELE-001,Perfume Natura Essencial,Beleza,1,250.69,0.0,250.69,118.49,LOJA_FISICA,CONCLUIDA,CARTAO_DEBITO,1,VND002,LOJA11
676,PED-20250712-000676,31514361965,2025-07-12T15:46:57.682864,,VEST-002,Vestido Social Feminino,Vestuário,2,204.31,0.0,408.62,185.03,ECOMMERCE,PENDENTE,BOLETO,1,VND030,
677,PED-20250528-000677,01677527234,2025-05-28T06:43:57.682864,2025-06-05T06:43:57.682864,ALIM-001,Kit Chocolate Belga Importado,Alimentação,1,193.76,0.0,193.76,90.79,ECOMMERCE,CONCLUIDA,BOLETO,1,VND026,
678,PED-20251026-000678,32715874855,2025-10-26T11:38:57.682864,2025-10-30T11:38:57.682864,ALIM-001,Kit Chocolate Belga Importado,Alimentação,2,175.24,0.0,350.48,189.63,LOJA_FISICA,CONCLUIDA,PIX,1,VND032,LOJA08
679,PED-20250614-000679,25281198793,2025-06-14T14:52:57.682864,2025-06-21T14:52:57.682864,ELET-003,"Smart TV 55"" LG OLED",Eletrônicos,1,4712.45,0.0,4712.45,3468.05,LOJA_FISICA,CONCLUIDA,CARTAO_DEBITO,1,VND039,LOJA14
680,PED-20250630-000680,10848875095,2025-06-30T14:04:57.682864,2025-07-03T14:04:57.682864,VEST-002,Vestido Social Feminino,Vestuário,1,352.63,0.0,352.63,155.0,ECOMMERCE,CONCLUIDA,BOLETO,1,VND046,
681,PED-20250816-000681,69657455685,2025-08-16T01:13:57.682864,2025-08-19T01:13:57.682864,ELET-003,"Smart TV 55"" LG OLED",Eletrônicos,1,4677.99,0.0,4677.99,2187.86,ECOMMERCE,CONCLUIDA,PIX,1,VND041,
682,PED-20250415-000682,54571113935,2025-04-15T03:27:57.682864,2025-04-20T03:27:57.682864,CALC-002,Bota Couro Timberland,Calçados,1,1191.52,0.0,1191.52,494.2,TELEVENDAS,CONCLUIDA,CARTAO_CREDITO,2,VND018,
683,PED-20250530-000683,62339260507,2025-05-30T10:29:57.682864,2025-06-02T10:29:57.682864,ELET-003,"Smart TV 55"" LG OLED",Eletrônicos,1,6903.22,0.0,6903.22,4197.12,ECOMMERCE,CONCLUIDA,CARTAO_CREDITO,3,VND035,
684,PED-20250720-000684,04469413526,2025-07-20T01:43:57.682864,2025-07-30T01:43:57.682864,BELE-001,Perfume Natura Essencial,Beleza,1,220.15,0.0,220.15,97.13,APP_MOBILE,CONCLUIDA,CARTAO_CREDITO,6,VND048,
685,PED-20250823-000685,97785011303,2025-08-23T04:14:57.682864,2025-08-29T04:14:57.682864,ELET-004,Fone JBL Tune 760NC,Eletrônicos,1,595.82,59.58,536.24,236.12,ECOMMERCE,DEVOLVIDA,PIX,1,VND044,
686,PED-20251002-000686,39465372196,2025-10-02T02:48:57.682864,2025-10-12T02:48:57.682864,BELE-001,Perfume Natura Essencial,Beleza,1,141.95,14.2,127.75,68.09,ECOMMERCE,CONCLUIDA,CARTAO_CREDITO,1,VND030,
687,PED-20250608-000687,03608646272,2025-06-08T07:16:57.682864,2025-06-13T07:16:57.682864,CALC-001,Tênis Nike Air Max 270,Calçados,1,554.27,0.0,554.27,367.89,LOJA_FISICA,CONCLUIDA,PIX,1,VND043,LOJA13
688,PED-20250608-000688,61559341777,2025-06-08T04:38:57.682864,2025-06-16T04:38:57.682864,ELET-003,"Smart TV 55"" LG OLED",Eletrônicos,1,5214.65,0.0,5214.65,3132.7,APP_MOBILE,CONCLUIDA,CARTAO_CREDITO,6,VND045,
689,PED-20250424-000689,68248770508,2025-04-24T02:14:57.682864,2025-04-30T02:14:57.682864,ELET-003,"Smart TV 55"" LG OLED",Eletrônicos,1,6541.11,0.0,6541.11,3300.83,APP_MOBILE,CONCLUIDA,CARTAO_CREDITO,3,VND045,
690,PED-20260118-000690,94239531233,2026-01-18T10:53:57.682864,,ALIM-001,Kit Chocolate Belga Importado,Alimentação,1,143.44,28.69,114.75,78.9,APP_MOBILE,CANCELADA,CARTAO_DEBITO,1,VND010,
691,PED-20251025-000691,54568602955,2025-10-25T10:42:57.682864,2025-10-31T10:42:57.682864,BELE-001,Perfume Natura Essencial,Beleza,2,258.65,0.0,517.3,361.71,LOJA_FISICA,CONCLUIDA,PIX,1,VND027,LOJA10
692,PED-20260131-000692,50159279836,2026-01-31T08:09:57.682864,2026-02-03T08:09:57.682864,CASA-002,Aspirador Robô iRobot,Casa,1,3354.98,503.25,2851.73,1361.49,ECOMMERCE,CONCLUIDA,BOLETO,1,VND003,
693,PED-20251205-000693,84230393407,2025-12-05T04:57:57.682864,,ELET-004,Fone JBL Tune 760NC,Eletrônicos,1,477.58,0.0,477.58,285.31,APP_MOBILE,CANCELADA,CARTAO_CREDITO,6,VND026,
694,PED-20250517-000694,92431186253,2025-05-17T05:58:57.682864,2025-05-22T05:58:57.682864,CALC-001,Tênis Nike Air Max 270,Calçados,1,807.22,0.0,807.22,447.32,LOJA_FISICA,CONCLUIDA,CARTAO_CREDITO,12,VND046,LOJA20
695,PED-20250620-000695,90480458863,2025-06-20T06:27:57.682864,2025-06-30T06:27:57.682864,ESPO-001,Bicicleta Caloi 21 Marchas,Esportes,1,1704.71,85.24,1619.47,797.15,TELEVENDAS,CONCLUIDA,CARTAO_CREDITO,3,VND050,
696,PED-20250922-000696,80759034800,2025-09-22T11:57:57.682864,2025-09-29T11:57:57.682864,BELE-001,Perfume Natura Essencial,Beleza,1,173.64,26.05,147.59,82.06,ECOMMERCE,CONCLUIDA,BOLETO,1,VND001,
697,PED-20250909-000697,16919546248,2025-09-09T12:16:57.682864,2025-09-12T12:16:57.682864,ELET-003,"Smart TV 55"" LG OLED",Eletrônicos,1,3746.98,0.0,3746.98,2550.12,LOJA_FISICA,CONCLUIDA,BOLETO,1,VND033,LOJA11
698,PED-20251112-000698,29951489397,2025-11-12T13:55:57.682864,2025-11-16T13:55:57.682864,CASA-002,Aspirador Robô iRobot,Casa,1,1829.25,0.0,1829.25,960.04,ECOMMERCE,CONCLUIDA,CARTAO_CREDITO,12,VND025,
699,PED-20251118-000699,14194886780,2025-11-18T07:52:57.682864,2025-11-21T07:52:57.682864,CASA-002,Aspirador Robô iRobot,Casa,1,3344.38,501.66,2842.72,1851.3,ECOMMERCE,CONCLUIDA,PIX,1,VND015,
700,PED-20251013-000700,04469413526,2025-10-13T15:15:57.682864,2025-10-16T15:15:57.682864,ESPO-001,Bicicleta Caloi 21 Marchas,Esportes,1,1570.73,0.0,1570.73,857.01,LOJA_FISICA,CONCLUIDA,PIX,1,VND049,LOJA08
701,PED-20250423-000701,54568602955,2025-04-23T15:05:57.682864,2025-05-02T15:05:57.682864,ALIM-001,Kit Chocolate Belga Importado,Alimentação,1,101.7,20.34,81.36,59.36,ECOMMERCE,CONCLUIDA,CARTAO_CREDITO,1,VND033,
702,PED-20250624-000702,63724858426,2025-06-24T13:52:57.682864,2025-07-04T13:52:57.682864,ELET-004,Fone JBL Tune 760NC,Eletrônicos,1,432.71,0.0,432.71,308.96,TELEVENDAS,CONCLUIDA,PIX,1,VND031,
703,PED-20251014-000703,79199563231,2025-10-14T02:08:57.682864,2025-10-22T02:08:57.682864,ELET-004,Fone JBL Tune 760NC,Eletrônicos,1,353.85,0.0,353.85,215.74,APP_MOBILE,CONCLUIDA,CARTAO_DEBITO,1,VND009,
704,PED-20251025-000704,01492682977,2025-10-25T13:28:57.682864,2025-10-31T13:28:57.682864,CASA-001,Cafeteira Nespresso Essenza,Casa,1,653.14,0.0,653.14,315.94,TELEVENDAS,CONCLUIDA,PIX,1,VND047,
705,PED-20250829-000705,32321228687,2025-08-29T03:23:57.682864,2025-09-07T03:23:57.682864,ELET-005,iPad Air 5ª Geração,Eletrônicos,1,5434.85,0.0,5434.85,3903.97,ECOMMERCE,CONCLUIDA,BOLETO,1,VND031,
706,PED-20250825-000706,29220432900,2025-08-25T13:50:57.682864,2025-08-28T13:50:57.682864,ELET-001,Smartphone Samsung Galaxy A54,Eletrônicos,1,1302.38,0.0,1302.38,620.11,ECOMMERCE,CONCLUIDA,CARTAO_DEBITO,1,VND043,
707,PED-20250504-000707,00177956488,2025-05-04T01:33:57.682864,2025-05-09T01:33:57.682864,VEST-002,Vestido Social Feminino,Vestuário,1,394.55,0.0,394.55,193.53,ECOMMERCE,CONCLUIDA,BOLETO,1,VND018,
708,PED-20250424-000708,84515949306,2025-04-24T07:35:57.682864,2025-04-28T07:35:57.682864,ELET-003,"Smart TV 55"" LG OLED",Eletrônicos,1,4193.73,0.0,4193.73,2963.6,ECOMMERCE,CONCLUIDA,CARTAO_CREDITO,1,VND004,
709,PED-20251224-000709,42838346377,2025-12-24T08:25:57.682864,2025-12-31T08:25:57.682864,ELET-001,Smartphone Samsung Galaxy A54,Eletrônicos,2,1695.35,0.0,3390.7,2388.73,TELEVENDAS,CONCLUIDA,BOLETO,1,VND050,
710,PED-20250920-000710,24824467594,2025-09-20T07:09:57.682864,,CALC-002,Bota Couro Timberland,Calçados,2,635.42,0.0,1270.84,883.98,LOJA_FISICA,PENDENTE,PIX,1,VND043,LOJA01
711,PED-20251019-000711,28740709124,2025-10-19T05:25:57.682864,2025-10-23T05:25:57.682864,CASA-001,Cafeteira Nespresso Essenza,Casa,2,439.12,0.0,878.24,615.07,APP_MOBILE,CONCLUIDA,CARTAO_CREDITO,12,VND015,
712,PED-20250424-000712,20394742770,2025-04-24T02:28:57.682864,2025-05-02T02:28:57.682864,ELET-001,Smartphone Samsung Galaxy A54,Eletrônicos,1,1294.68,0.0,1294.68,778.78,APP_MOBILE,CONCLUIDA,PIX,1,VND011,
713,PED-20250522-000713,00554378698,2025-05-22T02:46:57.682864,2025-05-29T02:46:57.682864,VEST-001,Camiseta Polo Masculina,Vestuário,1,229.13,22.91,206.22,102.47,ECOMMERCE,CONCLUIDA,PIX,1,VND032,
714,PED-20251215-000714,52406481239,2025-12-15T08:47:57.682864,2025-12-23T08:47:57.682864,ELET-005,iPad Air 5ª Geração,Eletrônicos,2,5021.07,0.0,10042.14,6895.01,LOJA_FISICA,CONCLUIDA,BOLETO,1,VND024,LOJA06
715,PED-20250929-000715,07133496623,2025-09-29T13:50:57.682864,2025-10-07T13:50:57.682864,ESPO-001,Bicicleta Caloi 21 Marchas,Esportes,1,1782.24,267.34,1514.9,768.27,APP_MOBILE,CONCLUIDA,PIX,1,VND021,
716,PED-20251106-000716,91292648473,2025-11-06T01:35:57.682864,2025-11-13T01:35:57.682864,ELET-002,Notebook Dell Inspiron 15,Eletrônicos,1,4174.04,0.0,4174.04,2510.48,LOJA_FISICA,CONCLUIDA,PIX,1,VND026,LOJA06
717,PED-20250504-000717,51238477909,2025-05-04T06:09:57.682864,2025-05-11T06:09:57.682864,ELET-004,Fone JBL Tune 760NC,Eletrônicos,2,430.04,0.0,860.08,427.42,APP_MOBILE,CONCLUIDA,CARTAO_DEBITO,1,VND024,
718,PED-20250709-000718,35230461659,2025-07-09T14:38:57.682864,2025-07-17T14:38:57.682864,CASA-001,Cafeteira Nespresso Essenza,Casa,2,530.99,0.0,1061.98,488.64,APP_MOBILE,CONCLUIDA,CARTAO_CREDITO,3,VND043,
719,PED-20250522-000719,22091782157,2025-05-22T14:55:57.682864,2025-05-27T14:55:57.682864,ELET-001,Smartphone Samsung Galaxy A54,Eletrônicos,1,1459.82,0.0,1459.82,1044.29,LOJA_FISICA,CONCLUIDA,BOLETO,1,VND021,LOJA10
720,PED-20251006-000720,05636435444,2025-10-06T01:08:57.682864,2025-10-09T01:08:57.682864,ALIM-001,Kit Chocolate Belga Importado,Alimentação,1,113.77,0.0,113.77,79.85,APP_MOBILE,CONCLUIDA,PIX,1,VND022,
721,PED-20250912-000721,05254000600,2025-09-12T07:16:57.682864,2025-09-22T07:16:57.682864,CALC-001,Tênis Nike Air Max 270,Calçados,1,871.02,43.55,827.47,506.99,ECOMMERCE,CONCLUIDA,BOLETO,1,VND043,
722,PED-20250517-000722,27657790580,2025-05-17T07:59:57.682864,2025-05-20T07:59:57.682864,ESPO-001,Bicicleta Caloi 21 Marchas,Esportes,1,1025.66,0.0,1025.66,678.26,ECOMMERCE,CONCLUIDA,CARTAO_DEBITO,1,VND035,
723,PED-20260114-000723,65698611157,2026-01-14T01:49:57.682864,2026-01-17T01:49:57.682864,CALC-002,Bota Couro Timberland,Calçados,1,1162.88,0.0,1162.88,498.39,ECOMMERCE,CONCLUIDA,PIX,1,VND003,
724,PED-20251030-000724,85270405814,2025-10-30T02:29:57.682864,2025-11-04T02:29:57.682864,ELET-004,Fone JBL Tune 760NC,Eletrônicos,1,417.7,0.0,417.7,311.21,ECOMMERCE,CONCLUIDA,CARTAO_CREDITO,2,VND033,
725,PED-20250808-000725,84515949306,2025-08-08T09:48:57.682864,2025-08-14T09:48:57.682864,ELET-002,Notebook Dell Inspiron 15,Eletrônicos,1,3462.15,0.0,3462.15,1642.34,ECOMMERCE,CONCLUIDA,CARTAO_CREDITO,6,VND015,
726,PED-20251003-000726,40722498748,2025-10-03T15:06:57.682864,2025-10-08T15:06:57.682864,VEST-002,Vestido Social Feminino,Vestuário,1,273.76,0.0,273.76,152.62,LOJA_FISICA,CONCLUIDA,PIX,1,VND027,LOJA05
727,PED-20250920-000727,20343433958,2025-09-20T07:52:57.682864,,ESPO-001,Bicicleta Caloi 21 Marchas,Esportes,1,1168.11,0.0,1168.11,873.65,LOJA_FISICA,CANCELADA,CARTAO_DEBITO,1,VND006,LOJA18
728,PED-20250718-000728,92639285688,2025-07-18T06:13:57.682864,2025-07-28T06:13:57.682864,VEST-002,Vestido Social Feminino,Vestuário,1,171.86,0.0,171.86,81.86,ECOMMERCE,CONCLUIDA,PIX,1,VND007,
729,PED-20250430-000729,52928418113,2025-04-30T02:15:57.682864,2025-05-08T02:15:57.682864,ELET-002,Notebook Dell Inspiron 15,Eletrônicos,1,5156.5,257.82,4898.68,2591.45,APP_MOBILE,CONCLUIDA,CARTAO_DEBITO,1,VND017,
730,PED-20251214-000730,39465372196,2025-12-14T03:13:57.682864,2025-12-23T03:13:57.682864,CASA-001,Cafeteira Nespresso Essenza,Casa,2,625.14,0.0,1250.28,889.66,ECOMMERCE,CONCLUIDA,CARTAO_CREDITO,2,VND039,
731,PED-20250626-000731,99522770329,2025-06-26T05:43:57.682864,2025-07-02T05:43:57.682864,ESPO-001,Bicicleta Caloi 21 Marchas,Esportes,1,1655.96,331.19,1324.77,967.51,ECOMMERCE,CONCLUIDA,PIX,1,VND031,
732,PED-20250913-000732,31514361965,2025-09-13T14:46:57.682864,2025-09-20T14:46:57.682864,VEST-002,Vestido Social Feminino,Vestuário,1,374.92,0.0,374.92,228.71,APP_MOBILE,CONCLUIDA,CARTAO_CREDITO,3,VND026,
733,PED-20250602-000733,48591820819,2025-06-02T11:12:57.682864,2025-06-07T11:12:57.682864,BELE-001,Perfume Natura Essencial,Beleza,1,219.22,0.0,219.22,147.21,APP_MOBILE,CONCLUIDA,CARTAO_CREDITO,2,VND014,
734,PED-20251114-000734,92639285688,2025-11-14T01:49:57.682864,2025-11-21T01:49:57.682864,ELET-005,iPad Air 5ª Geração,Eletrônicos,1,6506.71,0.0,6506.71,4109.02,ECOMMERCE,CONCLUIDA,BOLETO,1,VND040,
735,PED-20250523-000735,17948442367,2025-05-23T12:42:57.682864,2025-05-27T12:42:57.682864,CASA-002,Aspirador Robô iRobot,Casa,1,1737.95,0.0,1737.95,1048.7,LOJA_FISICA,CONCLUIDA,PIX,1,VND011,LOJA14
736,PED-20250810-000736,59150508830,2025-08-10T04:43:57.682864,2025-08-16T04:43:57.682864,VEST-002,Vestido Social Feminino,Vestuário,1,395.21,0.0,395.21,244.28,TELEVENDAS,CONCLUIDA,CARTAO_CREDITO,3,VND047,
737,PED-20250609-000737,91292648473,2025-06-09T12:23:57.682864,2025-06-13T12:23:57.682864,VEST-001,Camiseta Polo Masculina,Vestuário,1,199.26,0.0,199.26,129.4,ECOMMERCE,CONCLUIDA,CARTAO_CREDITO,1,VND010,
738,PED-20250819-000738,50006890032,2025-08-19T07:18:57.682864,2025-08-23T07:18:57.682864,BELE-001,Perfume Natura Essencial,Beleza,1,214.48,0.0,214.48,89.39,APP_MOBILE,CONCLUIDA,PIX,1,VND045,
739,PED-20250808-000739,91292648473,2025-08-08T12:01:57.682864,2025-08-17T12:01:57.682864,CASA-002,Aspirador Robô iRobot,Casa,2,1710.49,513.15,2907.83,1329.25,ECOMMERCE,CONCLUIDA,BOLETO,1,VND008,
740,PED-20250516-000740,99522770329,2025-05-16T09:39:57.682864,2025-05-21T09:39:57.682864,ELET-003,"Smart TV 55"" LG OLED",Eletrônicos,1,3826.76,0.0,3826.76,2790.06,ECOMMERCE,DEVOLVIDA,CARTAO_CREDITO,3,VND021,
741,PED-20251210-000741,06124115670,2025-12-10T01:04:57.682864,2025-12-13T01:04:57.682864,ESPO-001,Bicicleta Caloi 21 Marchas,Esportes,1,1845.19,0.0,1845.19,1095.25,ECOMMERCE,CONCLUIDA,PIX,1,VND007,
742,PED-20251009-000742,88483781611,2025-10-09T13:23:57.682864,2025-10-14T13:23:57.682864,ELET-004,Fone JBL Tune 760NC,Eletrônicos,1,509.19,25.46,483.73,241.56,ECOMMERCE,CONCLUIDA,CARTAO_CREDITO,12,VND047,
743,PED-20250713-000743,92241549304,2025-07-13T07:58:57.682864,2025-07-18T07:58:57.682864,ELET-005,iPad Air 5ª Geração,Eletrônicos,1,5174.81,0.0,5174.81,3328.16,ECOMMERCE,CONCLUIDA,PIX,1,VND003,
744,PED-20250720-000744,92639285688,2025-07-20T14:42:57.682864,2025-07-29T14:42:57.682864,CASA-001,Cafeteira Nespresso Essenza,Casa,1,423.8,0.0,423.8,254.55,LOJA_FISICA,CONCLUIDA,BOLETO,1,VND040,LOJA09
745,PED-20250627-000745,74710629404,2025-06-27T11:07:57.682864,2025-07-04T11:07:57.682864,ELET-005,iPad Air 5ª Geração,Eletrônicos,1,5474.09,0.0,5474.09,3384.34,ECOMMERCE,CONCLUIDA,CARTAO_CREDITO,1,VND024,
746,PED-20250929-000746,03812571692,2025-09-29T06:25:57.682864,2025-10-09T06:25:57.682864,ESPO-001,Bicicleta Caloi 21 Marchas,Esportes,1,1965.76,0.0,1965.76,1006.92,LOJA_FISICA,DEVOLVIDA,PIX,1,VND019,LOJA11
747,PED-20250602-000747,06409388845,2025-06-02T02:36:57.682864,2025-06-05T02:36:57.682864,ELET-003,"Smart TV 55"" LG OLED",Eletrônicos,1,5616.17,0.0,5616.17,3148.11,ECOMMERCE,CONCLUIDA,PIX,1,VND044,
748,PED-20250524-000748,02717538976,2025-05-24T13:20:57.682864,2025-06-03T13:20:57.682864,ELET-002,Notebook Dell Inspiron 15,Eletrônicos,1,3667.99,0.0,3667.99,2547.55,ECOMMERCE,CONCLUIDA,CARTAO_DEBITO,1,VND002,
749,PED-20251112-000749,02717538976,2025-11-12T01:03:57.682864,2025-11-19T01:03:57.682864,CASA-001,Cafeteira Nespresso Essenza,Casa,1,636.07,0.0,636.07,416.26,ECOMMERCE,CONCLUIDA,CARTAO_CREDITO,3,VND007,
750,PED-20250501-000750,02416870807,2025-05-01T07:33:57.682864,2025-05-07T07:33:57.682864,VEST-002,Vestido Social Feminino,Vestuário,1,251.13,0.0,251.13,136.4,TELEVENDAS,CONCLUIDA,CARTAO_DEBITO,1,VND020,
751,PED-20250520-000751,20178879606,2025-05-20T06:39:57.682864,2025-05-27T06:39:57.682864,ELET-002,Notebook Dell Inspiron 15,Eletrônicos,1,4443.62,0.0,4443.62,3279.31,APP_MOBILE,CONCLUIDA,PIX,1,VND002,
752,PED-20250905-000752,32715874855,2025-09-05T10:07:57.682864,2025-09-13T10:07:57.682864,ESPO-001,Bicicleta Caloi 21 Marchas,Esportes,1,1890.66,0.0,1890.66,972.81,ECOMMERCE,CONCLUIDA,CARTAO_CREDITO,12,VND017,
753,PED-20250528-000753,06124115670,2025-05-28T10:25:57.682864,,ESPO-001,Bicicleta Caloi 21 Marchas,Esportes,1,1936.7,96.84,1839.86,1102.1,LOJA_FISICA,CANCELADA,CARTAO_DEBITO,1,VND013,LOJA18
754,PED-20250418-000754,77008267142,2025-04-18T07:17:57.682864,2025-04-24T07:17:57.682864,BELE-001,Perfume Natura Essencial,Beleza,1,271.55,13.58,257.97,141.11,LOJA_FISICA,CONCLUIDA,CARTAO_CREDITO,2,VND039,LOJA02
755,PED-20250818-000755,54571113935,2025-08-18T03:48:57.682864,2025-08-23T03:48:57.682864,CASA-001,Cafeteira Nespresso Essenza,Casa,1,649.27,0.0,649.27,308.35,ECOMMERCE,DEVOLVIDA,CARTAO_CREDITO,12,VND026,
756,PED-20250422-000756,15502909247,2025-04-22T03:12:57.682864,2025-04-28T03:12:57.682864,ELET-001,Smartphone Samsung Galaxy A54,Eletrônicos,1,2119.23,0.0,2119.23,1208.78,TELEVENDAS,CONCLUIDA,PIX,1,VND024,
757,PED-20250830-000757,14679404612,2025-08-30T12:43:57.682864,2025-09-06T12:43:57.682864,ESPO-001,Bicicleta Caloi 21 Marchas,Esportes,1,1899.61,0.0,1899.61,1388.51,TELEVENDAS,CONCLUIDA,CARTAO_DEBITO,1,VND012,
758,PED-20250829-000758,99211431581,2025-08-29T15:47:57.682864,2025-09-05T15:47:57.682864,ELET-002,Notebook Dell Inspiron 15,Eletrônicos,1,4055.32,0.0,4055.32,2902.44,LOJA_FISICA,CONCLUIDA,BOLETO,1,VND007,LOJA15
759,PED-20251028-000759,99663934808,2025-10-28T00:58:57.682864,,CASA-002,Aspirador Robô iRobot,Casa,1,2564.84,0.0,2564.84,1423.69,LOJA_FISICA,CANCELADA,CARTAO_CREDITO,2,VND043,LOJA05
760,PED-20250726-000760,67449816849,2025-07-26T15:27:57.682864,2025-07-29T15:27:57.682864,ELET-005,iPad Air 5ª Geração,Eletrônicos,1,4626.69,462.67,4164.02,1909.48,ECOMMERCE,CONCLUIDA,CARTAO_CREDITO,12,VND003,
761,PED-20251122-000761,10594569311,2025-11-22T05:06:57.682864,2025-11-28T05:06:57.682864,ALIM-001,Kit Chocolate Belga Importado,Alimentação,1,151.32,22.7,128.62,58.96,ECOMMERCE,CONCLUIDA,CARTAO_CREDITO,1,VND046,
762,PED-20250623-000762,12808172753,2025-06-23T14:37:57.682864,2025-06-29T14:37:57.682864,ELET-003,"Smart TV 55"" LG OLED",Eletrônicos,1,5409.14,0.0,5409.14,4035.59,LOJA_FISICA,CONCLUIDA,CARTAO_CREDITO,1,VND019,LOJA04
763,PED-20250615-000763,02717538976,2025-06-15T14:31:57.682864,2025-06-20T14:31:57.682864,LIVR-001,Livro - O Poder do Hábito,Livros,1,52.82,0.0,52.82,27.38,TELEVENDAS,CONCLUIDA,CARTAO_CREDITO,1,VND026,
764,PED-20250819-000764,28740709124,2025-08-19T06:56:57.682864,,CALC-002,Bota Couro Timberland,Calçados,1,902.44,45.12,857.32,388.21,APP_MOBILE,PENDENTE,PIX,1,VND049,
765,PED-20250806-000765,05254000600,2025-08-06T04:14:57.682864,2025-08-14T04:14:57.682864,ELET-004,Fone JBL Tune 760NC,Eletrônicos,1,366.89,0.0,366.89,205.66,ECOMMERCE,CONCLUIDA,CARTAO_CREDITO,12,VND001,
766,PED-20251021-000766,63724858426,2025-10-21T07:11:57.682864,2025-10-27T07:11:57.682864,ELET-005,iPad Air 5ª Geração,Eletrônicos,1,6822.94,0.0,6822.94,3247.69,ECOMMERCE,CONCLUIDA,BOLETO,1,VND010,
767,PED-20250922-000767,17245748330,2025-09-22T05:16:57.682864,2025-09-30T05:16:57.682864,ELET-005,iPad Air 5ª Geração,Eletrônicos,3,6876.15,4125.69,16502.76,10601.92,ECOMMERCE,CONCLUIDA,PIX,1,VND039,
768,PED-20250916-000768,71534514805,2025-09-16T13:53:57.682864,2025-09-23T13:53:57.682864,ELET-002,Notebook Dell Inspiron 15,Eletrônicos,1,3750.45,0.0,3750.45,1847.35,LOJA_FISICA,CONCLUIDA,CARTAO_CREDITO,1,VND035,LOJA06
769,PED-20250929-000769,25723938673,2025-09-29T15:06:57.682864,2025-10-02T15:06:57.682864,BELE-001,Perfume Natura Essencial,Beleza,1,196.78,0.0,196.78,83.53,LOJA_FISICA,CONCLUIDA,CARTAO_CREDITO,1,VND002,LOJA14
770,PED-20250829-000770,84230393407,2025-08-29T15:10:57.682864,2025-09-01T15:10:57.682864,ELET-005,iPad Air 5ª Geração,Eletrônicos,1,6870.92,1030.64,5840.28,4320.66,ECOMMERCE,CONCLUIDA,CARTAO_CREDITO,12,VND018,
771,PED-20260102-000771,64324992835,2026-01-02T11:28:57.682864,2026-01-10T11:28:57.682864,ELET-005,iPad Air 5ª Geração,Eletrônicos,1,5389.19,0.0,5389.19,3025.73,TELEVENDAS,CONCLUIDA,PIX,1,VND004,
772,PED-20250531-000772,54729806409,2025-05-31T04:17:57.682864,2025-06-07T04:17:57.682864,ELET-003,"Smart TV 55"" LG OLED",Eletrônicos,1,3845.26,576.79,3268.47,1774.66,ECOMMERCE,CONCLUIDA,PIX,1,VND045,
773,PED-20250928-000773,18843946714,2025-09-28T03:45:57.682864,2025-10-07T03:45:57.682864,LIVR-001,Livro - O Poder do Hábito,Livros,1,50.52,0.0,50.52,34.15,LOJA_FISICA,CONCLUIDA,PIX,1,VND034,LOJA19
774,PED-20250715-000774,58093490566,2025-07-15T14:32:57.682864,2025-07-23T14:32:57.682864,ELET-001,Smartphone Samsung Galaxy A54,Eletrônicos,1,2133.25,0.0,2133.25,1593.25,ECOMMERCE,CONCLUIDA,PIX,1,VND022,
775,PED-20251204-000775,62339260507,2025-12-04T01:54:57.682864,2025-12-09T01:54:57.682864,BELE-001,Perfume Natura Essencial,Beleza,1,159.59,0.0,159.59,106.29,ECOMMERCE,CONCLUIDA,BOLETO,1,VND027,
776,PED-20250829-000776,63724858426,2025-08-29T01:57:57.682864,2025-09-04T01:57:57.682864,ALIM-001,Kit Chocolate Belga Importado,Alimentação,1,138.24,20.74,117.5,55.55,ECOMMERCE,CONCLUIDA,CARTAO_DEBITO,1,VND028,
777,PED-20250707-000777,23599171882,2025-07-07T04:17:57.682864,2025-07-13T04:17:57.682864,CALC-001,Tênis Nike Air Max 270,Calçados,1,773.31,0.0,773.31,449.39,APP_MOBILE,CONCLUIDA,CARTAO_CREDITO,3,VND010,
778,PED-20250506-000778,92044693151,2025-05-06T08:03:57.682864,2025-05-13T08:03:57.682864,CASA-001,Cafeteira Nespresso Essenza,Casa,1,516.9,77.53,439.37,200.55,ECOMMERCE,CONCLUIDA,BOLETO,1,VND030,
779,PED-20250511-000779,92241549304,2025-05-11T15:40:57.682864,2025-05-15T15:40:57.682864,CALC-001,Tênis Nike Air Max 270,Calçados,1,897.65,0.0,897.65,500.59,ECOMMERCE,CONCLUIDA,PIX,1,VND026,
780,PED-20250528-000780,50006890032,2025-05-28T10:30:57.682864,2025-06-02T10:30:57.682864,ALIM-001,Kit Chocolate Belga Importado,Alimentação,1,83.2,0.0,83.2,50.5,APP_MOBILE,CONCLUIDA,BOLETO,1,VND018,
781,PED-20250821-000781,97785011303,2025-08-21T09:10:57.682864,2025-08-28T09:10:57.682864,VEST-001,Camiseta Polo Masculina,Vestuário,1,164.18,16.42,147.76,110.17,ECOMMERCE,CONCLUIDA,CARTAO_CREDITO,1,VND020,
782,PED-20250422-000782,39078545356,2025-04-22T04:40:57.682864,2025-05-01T04:40:57.682864,CALC-001,Tênis Nike Air Max 270,Calçados,3,514.0,231.3,1310.7,648.03,ECOMMERCE,CONCLUIDA,PIX,1,VND046,
783,PED-20250911-000783,40493641742,2025-09-11T08:58:57.682864,2025-09-18T08:58:57.682864,ELET-001,Smartphone Samsung Galaxy A54,Eletrônicos,1,1574.71,0.0,1574.71,686.61,APP_MOBILE,CONCLUIDA,BOLETO,1,VND031,
784,PED-20250509-000784,69450324859,2025-05-09T10:36:57.682864,2025-05-19T10:36:57.682864,ELET-001,Smartphone Samsung Galaxy A54,Eletrônicos,1,1249.0,124.9,1124.1,774.29,TELEVENDAS,CONCLUIDA,CARTAO_CREDITO,12,VND021,
785,PED-20260206-000785,07133496623,2026-02-06T07:44:57.682864,2026-02-12T07:44:57.682864,CASA-001,Cafeteira Nespresso Essenza,Casa,1,485.08,48.51,436.57,316.94,TELEVENDAS,CONCLUIDA,CARTAO_DEBITO,1,VND004,
786,PED-20250520-000786,40539595195,2025-05-20T06:31:57.682864,2025-05-30T06:31:57.682864,CALC-002,Bota Couro Timberland,Calçados,1,915.37,0.0,915.37,388.13,ECOMMERCE,CONCLUIDA,PIX,1,VND015,
787,PED-20250530-000787,04509193238,2025-05-30T01:47:57.682864,2025-06-07T01:47:57.682864,BELE-001,Perfume Natura Essencial,Beleza,1,169.7,0.0,169.7,100.34,ECOMMERCE,CONCLUIDA,PIX,1,VND020,
788,PED-20260211-000788,31514361965,2026-02-11T02:43:57.682864,2026-02-20T02:43:57.682864,CALC-001,Tênis Nike Air Max 270,Calçados,1,527.94,26.4,501.54,268.13,APP_MOBILE,CONCLUIDA,BOLETO,1,VND050,
789,PED-20251110-000789,60159461057,2025-11-10T03:23:57.682864,2025-11-14T03:23:57.682864,ELET-001,Smartphone Samsung Galaxy A54,Eletrônicos,1,2082.4,0.0,2082.4,1541.94,ECOMMERCE,CONCLUIDA,BOLETO,1,VND020,
790,PED-20250827-000790,80832357170,2025-08-27T05:17:57.682864,2025-09-05T05:17:57.682864,VEST-002,Vestido Social Feminino,Vestuário,1,153.81,0.0,153.81,113.6,APP_MOBILE,CONCLUIDA,CARTAO_DEBITO,1,VND025,
791,PED-20250902-000791,30261290380,2025-09-02T02:36:57.682864,2025-09-11T02:36:57.682864,BELE-001,Perfume Natura Essencial,Beleza,1,138.87,0.0,138.87,102.26,APP_MOBILE,CONCLUIDA,CARTAO_DEBITO,1,VND027,
792,PED-20250508-000792,31527166724,2025-05-08T06:43:57.682864,2025-05-17T06:43:57.682864,LIVR-001,Livro - O Poder do Hábito,Livros,1,56.55,5.66,50.89,30.72,LOJA_FISICA,CONCLUIDA,PIX,1,VND013,LOJA18
793,PED-20250528-000793,61583298517,2025-05-28T04:49:57.682864,2025-06-06T04:49:57.682864,BELE-001,Perfume Natura Essencial,Beleza,1,177.41,26.61,150.8,94.5,ECOMMERCE,CONCLUIDA,CARTAO_CREDITO,1,VND007,
794,PED-20250724-000794,02717538976,2025-07-24T07:27:57.682864,2025-07-29T07:27:57.682864,CASA-001,Cafeteira Nespresso Essenza,Casa,1,647.68,32.38,615.3,409.25,ECOMMERCE,CONCLUIDA,CARTAO_CREDITO,1,VND003,
795,PED-20250522-000795,17245748330,2025-05-22T02:53:57.682864,2025-05-28T02:53:57.682864,ELET-004,Fone JBL Tune 760NC,Eletrônicos,1,521.18,0.0,521.18,226.01,APP_MOBILE,CONCLUIDA,CARTAO_CREDITO,6,VND043,
796,PED-20250826-000796,47299128705,2025-08-26T04:08:57.682864,2025-09-02T04:08:57.682864,ELET-002,Notebook Dell Inspiron 15,Eletrônicos,1,4287.81,857.56,3430.25,2433.34,ECOMMERCE,CONCLUIDA,CARTAO_CREDITO,1,VND019,
797,PED-20250711-000797,89729244740,2025-07-11T00:58:57.682864,2025-07-18T00:58:57.682864,ELET-005,iPad Air 5ª Geração,Eletrônicos,1,6763.36,0.0,6763.36,3003.86,LOJA_FISICA,CONCLUIDA,CARTAO_CREDITO,3,VND029,LOJA09
798,PED-20250606-000798,54571113935,2025-06-06T08:45:57.682864,2025-06-15T08:45:57.682864,CASA-001,Cafeteira Nespresso Essenza,Casa,1,538.15,0.0,538.15,369.88,APP_MOBILE,CONCLUIDA,BOLETO,1,VND021,
799,PED-20251010-000799,24021504753,2025-10-10T11:00:57.682864,2025-10-20T11:00:57.682864,ELET-003,"Smart TV 55"" LG OLED",Eletrônicos,1,5035.71,0.0,5035.71,3510.44,APP_MOBILE,CONCLUIDA,PIX,1,VND030,
800,PED-20251119-000800,94288084580,2025-11-19T10:39:57.682864,2025-11-28T10:39:57.682864,ELET-003,"Smart TV 55"" LG OLED",Eletrônicos,2,3638.86,0.0,7277.72,4365.2,ECOMMERCE,CONCLUIDA,CARTAO_CREDITO,1,VND019,
801,PED-20250529-000801,28740709124,2025-05-29T01:45:57.682864,2025-06-01T01:45:57.682864,CASA-001,Cafeteira Nespresso Essenza,Casa,1,571.64,0.0,571.64,354.45,ECOMMERCE,CONCLUIDA,PIX,1,VND042,
802,PED-20250512-000802,03812571692,2025-05-12T01:34:57.682864,2025-05-22T01:34:57.682864,ALIM-001,Kit Chocolate Belga Importado,Alimentação,1,130.09,0.0,130.09,59.67,LOJA_FISICA,CONCLUIDA,CARTAO_CREDITO,1,VND030,LOJA16
803,PED-20250426-000803,93263060546,2025-04-26T14:55:57.682864,2025-04-30T14:55:57.682864,ESPO-001,Bicicleta Caloi 21 Marchas,Esportes,1,1972.95,0.0,1972.95,1073.09,ECOMMERCE,CONCLUIDA,CARTAO_CREDITO,12,VND037,
804,PED-20250427-000804,25281198793,2025-04-27T10:36:57.682864,2025-04-30T10:36:57.682864,CASA-001,Cafeteira Nespresso Essenza,Casa,2,416.27,0.0,832.54,398.23,LOJA_FISICA,DEVOLVIDA,PIX,1,VND039,LOJA07
805,PED-20250613-000805,85270405814,2025-06-13T10:28:57.682864,2025-06-22T10:28:57.682864,ELET-005,iPad Air 5ª Geração,Eletrônicos,1,7094.77,1064.22,6030.55,4417.23,ECOMMERCE,CONCLUIDA,PIX,1,VND024,
806,PED-20250809-000806,90721358306,2025-08-09T13:50:57.682864,2025-08-12T13:50:57.682864,VEST-001,Camiseta Polo Masculina,Vestuário,1,136.49,13.65,122.84,66.97,ECOMMERCE,CONCLUIDA,PIX,1,VND014,
807,PED-20250714-000807,40467750416,2025-07-14T11:15:57.682864,2025-07-20T11:15:57.682864,CALC-001,Tênis Nike Air Max 270,Calçados,1,566.17,0.0,566.17,288.41,APP_MOBILE,CONCLUIDA,CARTAO_DEBITO,1,VND014,
808,PED-20250614-000808,94239531233,2025-06-14T10:11:57.682864,2025-06-21T10:11:57.682864,CALC-001,Tênis Nike Air Max 270,Calçados,2,693.83,0.0,1387.66,626.32,ECOMMERCE,CONCLUIDA,BOLETO,1,VND015,
809,PED-20251006-000809,88483781611,2025-10-06T15:23:57.682864,2025-10-16T15:23:57.682864,ELET-005,iPad Air 5ª Geração,Eletrônicos,1,4792.48,0.0,4792.48,2890.62,LOJA_FISICA,CONCLUIDA,CARTAO_CREDITO,12,VND035,LOJA17
810,PED-20251104-000810,04469413526,2025-11-04T07:50:57.682864,2025-11-14T07:50:57.682864,CALC-001,Tênis Nike Air Max 270,Calçados,1,555.64,27.78,527.86,218.12,LOJA_FISICA,CONCLUIDA,PIX,1,VND005,LOJA14
811,PED-20250819-000811,82406228525,2025-08-19T06:10:57.682864,2025-08-29T06:10:57.682864,CASA-001,Cafeteira Nespresso Essenza,Casa,2,644.98,0.0,1289.96,722.47,ECOMMERCE,CONCLUIDA,BOLETO,1,VND016,
812,PED-20250702-000812,61559341777,2025-07-02T12:01:57.682864,2025-07-07T12:01:57.682864,CASA-002,Aspirador Robô iRobot,Casa,1,2092.8,0.0,2092.8,1484.17,ECOMMERCE,CONCLUIDA,CARTAO_CREDITO,12,VND041,
813,PED-20250908-000813,28740709124,2025-09-08T15:13:57.682864,2025-09-11T15:13:57.682864,ELET-001,Smartphone Samsung Galaxy A54,Eletrônicos,1,1722.76,0.0,1722.76,869.95,LOJA_FISICA,CONCLUIDA,PIX,1,VND045,LOJA10
814,PED-20250417-000814,02630961141,2025-04-17T02:06:57.682864,2025-04-20T02:06:57.682864,CASA-001,Cafeteira Nespresso Essenza,Casa,2,629.93,251.97,1007.89,463.24,APP_MOBILE,CONCLUIDA,PIX,1,VND005,
815,PED-20250929-000815,23599171882,2025-09-29T07:38:57.682864,,CALC-001,Tênis Nike Air Max 270,Calçados,1,611.92,61.19,550.73,322.97,ECOMMERCE,CANCELADA,PIX,1,VND046,
816,PED-20251010-000816,31527166724,2025-10-10T15:33:57.682864,2025-10-14T15:33:57.682864,CASA-002,Aspirador Robô iRobot,Casa,1,1886.25,0.0,1886.25,825.47,LOJA_FISICA,CONCLUIDA,PIX,1,VND050,LOJA07
817,PED-20251118-000817,71878662082,2025-11-18T07:14:57.682864,,ELET-004,Fone JBL Tune 760NC,Eletrônicos,1,576.77,28.84,547.93,305.11,TELEVENDAS,CANCELADA,CARTAO_DEBITO,1,VND025,
818,PED-20250710-000818,54571113935,2025-07-10T11:16:57.682864,2025-07-20T11:16:57.682864,ELET-001,Smartphone Samsung Galaxy A54,Eletrônicos,1,1340.09,0.0,1340.09,551.51,APP_MOBILE,CONCLUIDA,BOLETO,1,VND018,
819,PED-20250813-000819,02717538976,2025-08-13T13:52:57.682864,2025-08-16T13:52:57.682864,ESPO-001,Bicicleta Caloi 21 Marchas,Esportes,1,1669.27,250.39,1418.88,661.3,ECOMMERCE,CONCLUIDA,CARTAO_CREDITO,3,VND002,
820,PED-20250818-000820,16227236357,2025-08-18T02:01:57.682864,2025-08-27T02:01:57.682864,ELET-002,Notebook Dell Inspiron 15,Eletrônicos,1,4639.6,0.0,4639.6,3095.31,ECOMMERCE,CONCLUIDA,CARTAO_CREDITO,6,VND029,
821,PED-20250419-000821,52928418113,2025-04-19T04:27:57.682864,2025-04-22T04:27:57.682864,CASA-001,Cafeteira Nespresso Essenza,Casa,1,646.97,0.0,646.97,402.13,ECOMMERCE,CONCLUIDA,BOLETO,1,VND032,
822,PED-20260212-000822,03608646272,2026-02-12T10:36:57.682864,2026-02-15T10:36:57.682864,ELET-003,"Smart TV 55"" LG OLED",Eletrônicos,1,6549.53,0.0,6549.53,4041.1,LOJA_FISICA,CONCLUIDA,PIX,1,VND032,LOJA04
823,PED-20250716-000823,97785011303,2025-07-16T03:02:57.682864,2025-07-23T03:02:57.682864,ELET-001,Smartphone Samsung Galaxy A54,Eletrônicos,1,2119.11,0.0,2119.11,1508.09,TELEVENDAS,CONCLUIDA,CARTAO_CREDITO,12,VND046,
824,PED-20260125-000824,67597252200,2026-01-25T12:18:57.682864,,ELET-003,"Smart TV 55"" LG OLED",Eletrônicos,1,4427.51,664.13,3763.38,2447.36,LOJA_FISICA,CANCELADA,CARTAO_DEBITO,1,VND040,LOJA04
825,PED-20250518-000825,18304847884,2025-05-18T05:26:57.682864,2025-05-24T05:26:57.682864,ELET-005,iPad Air 5ª Geração,Eletrônicos,1,4679.54,935.91,3743.63,2136.19,ECOMMERCE,CONCLUIDA,PIX,1,VND037,
826,PED-20250613-000826,55417338044,2025-06-13T01:47:57.682864,2025-06-17T01:47:57.682864,CASA-001,Cafeteira Nespresso Essenza,Casa,1,444.58,0.0,444.58,306.37,LOJA_FISICA,CONCLUIDA,CARTAO_CREDITO,3,VND008,LOJA11
827,PED-20251013-000827,78978753426,2025-10-13T14:01:57.682864,2025-10-20T14:01:57.682864,VEST-002,Vestido Social Feminino,Vestuário,1,418.53,0.0,418.53,290.83,ECOMMERCE,CONCLUIDA,PIX,1,VND031,
828,PED-20250630-000828,30261290380,2025-06-30T15:22:57.682864,2025-07-05T15:22:57.682864,ALIM-001,Kit Chocolate Belga Importado,Alimentação,1,159.08,0.0,159.08,78.12,LOJA_FISICA,CONCLUIDA,CARTAO_DEBITO,1,VND027,LOJA02
829,PED-20251214-000829,94288084580,2025-12-14T04:57:57.682864,2025-12-22T04:57:57.682864,VEST-001,Camiseta Polo Masculina,Vestuário,1,91.39,0.0,91.39,41.52,APP_MOBILE,CONCLUIDA,CARTAO_DEBITO,1,VND022,
830,PED-20250812-000830,40467750416,2025-08-12T06:14:57.682864,2025-08-22T06:14:57.682864,ELET-001,Smartphone Samsung Galaxy A54,Eletrônicos,1,1388.13,0.0,1388.13,816.73,APP_MOBILE,CONCLUIDA,PIX,1,VND017,
831,PED-20260221-000831,57952837117,2026-02-21T08:39:57.682864,2026-03-02T08:39:57.682864,VEST-001,Camiseta Polo Masculina,Vestuário,1,83.89,0.0,83.89,57.25,ECOMMERCE,DEVOLVIDA,PIX,1,VND029,
832,PED-20250706-000832,29220432900,2025-07-06T11:39:57.682864,2025-07-11T11:39:57.682864,ELET-004,Fone JBL Tune 760NC,Eletrônicos,1,451.88,0.0,451.88,251.14,LOJA_FISICA,CONCLUIDA,CARTAO_CREDITO,1,VND029,LOJA11
833,PED-20250704-000833,15502909247,2025-07-04T13:57:57.682864,2025-07-11T13:57:57.682864,CALC-001,Tênis Nike Air Max 270,Calçados,1,831.81,0.0,831.81,530.29,LOJA_FISICA,CONCLUIDA,PIX,1,VND037,LOJA04
834,PED-20250423-000834,31913673499,2025-04-23T03:01:57.682864,2025-04-28T03:01:57.682864,ELET-002,Notebook Dell Inspiron 15,Eletrônicos,2,5218.05,0.0,10436.1,7145.95,TELEVENDAS,CONCLUIDA,BOLETO,1,VND029,
835,PED-20250514-000835,27291186838,2025-05-14T08:15:57.682864,2025-05-19T08:15:57.682864,ELET-004,Fone JBL Tune 760NC,Eletrônicos,1,492.74,0.0,492.74,290.16,ECOMMERCE,CONCLUIDA,CARTAO_DEBITO,1,VND027,
836,PED-20250726-000836,03608646272,2025-07-26T11:44:57.682864,2025-07-29T11:44:57.682864,ELET-003,"Smart TV 55"" LG OLED",Eletrônicos,1,6148.51,0.0,6148.51,3419.82,ECOMMERCE,CONCLUIDA,CARTAO_CREDITO,6,VND049,
837,PED-20250623-000837,82406228525,2025-06-23T14:56:57.682864,2025-07-03T14:56:57.682864,CASA-002,Aspirador Robô iRobot,Casa,1,1899.92,0.0,1899.92,900.51,LOJA_FISICA,CONCLUIDA,PIX,1,VND014,LOJA11
838,PED-20251004-000838,52928418113,2025-10-04T15:31:57.682864,2025-10-08T15:31:57.682864,CALC-001,Tênis Nike Air Max 270,Calçados,1,849.79,0.0,849.79,348.53,ECOMMERCE,CONCLUIDA,BOLETO,1,VND050,
839,PED-20250502-000839,04469413526,2025-05-02T06:04:57.682864,2025-05-08T06:04:57.682864,LIVR-001,Livro - O Poder do Hábito,Livros,1,52.62,2.63,49.99,25.37,ECOMMERCE,CONCLUIDA,PIX,1,VND007,
840,PED-20250506-000840,84515949306,2025-05-06T15:55:57.682864,2025-05-15T15:55:57.682864,ELET-005,iPad Air 5ª Geração,Eletrônicos,1,5074.2,0.0,5074.2,3227.38,ECOMMERCE,CONCLUIDA,PIX,1,VND037,
841,PED-20260211-000841,23125114446,2026-02-11T09:34:57.682864,2026-02-20T09:34:57.682864,CALC-001,Tênis Nike Air Max 270,Calçados,1,614.55,0.0,614.55,278.11,ECOMMERCE,CONCLUIDA,CARTAO_CREDITO,12,VND013,
842,PED-20250528-000842,38870841448,2025-05-28T12:17:57.682864,2025-06-04T12:17:57.682864,ALIM-001,Kit Chocolate Belga Importado,Alimentação,1,179.9,9.0,170.9,113.51,LOJA_FISICA,CONCLUIDA,CARTAO_CREDITO,1,VND038,LOJA07
843,PED-20250429-000843,40043074731,2025-04-29T13:03:57.682864,2025-05-03T13:03:57.682864,LIVR-001,Livro - O Poder do Hábito,Livros,1,45.9,0.0,45.9,33.49,LOJA_FISICA,CONCLUIDA,PIX,1,VND044,LOJA17
844,PED-20250917-000844,31913673499,2025-09-17T01:09:57.682864,2025-09-27T01:09:57.682864,VEST-002,Vestido Social Feminino,Vestuário,1,229.55,34.43,195.12,107.21,TELEVENDAS,CONCLUIDA,PIX,1,VND002,
845,PED-20250604-000845,22713530253,2025-06-04T06:17:57.682864,2025-06-13T06:17:57.682864,BELE-001,Perfume Natura Essencial,Beleza,1,238.41,0.0,238.41,124.46,APP_MOBILE,CONCLUIDA,BOLETO,1,VND039,
846,PED-20250415-000846,91292648473,2025-04-15T10:22:57.682864,2025-04-20T10:22:57.682864,CALC-001,Tênis Nike Air Max 270,Calçados,1,566.25,0.0,566.25,396.67,LOJA_FISICA,CONCLUIDA,BOLETO,1,VND007,LOJA18
847,PED-20250625-000847,48591820819,2025-06-25T05:22:57.682864,2025-07-03T05:22:57.682864,ELET-001,Smartphone Samsung Galaxy A54,Eletrônicos,1,1302.38,0.0,1302.38,766.46,ECOMMERCE,CONCLUIDA,PIX,1,VND013,
848,PED-20250602-000848,59150508830,2025-06-02T04:24:57.682864,2025-06-08T04:24:57.682864,CALC-002,Bota Couro Timberland,Calçados,1,611.59,0.0,611.59,246.11,TELEVENDAS,CONCLUIDA,CARTAO_CREDITO,12,VND049,
849,PED-20250530-000849,91292648473,2025-05-30T02:10:57.682864,2025-06-05T02:10:57.682864,ESPO-001,Bicicleta Caloi 21 Marchas,Esportes,1,1197.08,239.42,957.66,455.47,LOJA_FISICA,CONCLUIDA,CARTAO_CREDITO,1,VND026,LOJA13
850,PED-20251020-000850,79862588705,2025-10-20T02:13:57.682864,2025-10-30T02:13:57.682864,CASA-001,Cafeteira Nespresso Essenza,Casa,1,529.18,0.0,529.18,358.69,LOJA_FISICA,CONCLUIDA,PIX,1,VND037,LOJA08
851,PED-20251027-000851,61559341777,2025-10-27T01:44:57.682864,2025-11-02T01:44:57.682864,ELET-003,"Smart TV 55"" LG OLED",Eletrônicos,1,5358.28,0.0,5358.28,2988.01,APP_MOBILE,CONCLUIDA,BOLETO,1,VND031,
852,PED-20250508-000852,60159461057,2025-05-08T10:42:57.682864,2025-05-18T10:42:57.682864,ESPO-001,Bicicleta Caloi 21 Marchas,Esportes,1,1426.54,142.65,1283.89,741.85,ECOMMERCE,CONCLUIDA,CARTAO_CREDITO,12,VND048,
853,PED-20250728-000853,54729806409,2025-07-28T08:52:57.682864,2025-08-07T08:52:57.682864,ELET-005,iPad Air 5ª Geração,Eletrônicos,1,5814.7,0.0,5814.7,4055.48,APP_MOBILE,CONCLUIDA,PIX,1,VND008,
854,PED-20251123-000854,41039768458,2025-11-23T14:30:57.682864,2025-12-02T14:30:57.682864,ELET-005,iPad Air 5ª Geração,Eletrônicos,1,7067.89,0.0,7067.89,3337.97,ECOMMERCE,CONCLUIDA,PIX,1,VND015,
855,PED-20250521-000855,04469413526,2025-05-21T06:01:57.682864,2025-05-24T06:01:57.682864,ESPO-001,Bicicleta Caloi 21 Marchas,Esportes,1,1042.14,0.0,1042.14,599.4,APP_MOBILE,CONCLUIDA,CARTAO_CREDITO,2,VND025,
856,PED-20250607-000856,49016814949,2025-06-07T13:14:57.682864,2025-06-12T13:14:57.682864,CASA-002,Aspirador Robô iRobot,Casa,1,2345.92,0.0,2345.92,1731.96,ECOMMERCE,CONCLUIDA,PIX,1,VND028,
857,PED-20250511-000857,16919546248,2025-05-11T13:09:57.682864,2025-05-19T13:09:57.682864,ELET-005,iPad Air 5ª Geração,Eletrônicos,1,6187.29,0.0,6187.29,3309.98,ECOMMERCE,CONCLUIDA,CARTAO_CREDITO,12,VND027,
858,PED-20250430-000858,85901775210,2025-04-30T12:20:57.682864,2025-05-09T12:20:57.682864,ELET-003,"Smart TV 55"" LG OLED",Eletrônicos,2,4195.5,1258.65,7132.35,5261.71,ECOMMERCE,CONCLUIDA,CARTAO_CREDITO,12,VND026,
859,PED-20250905-000859,67449816849,2025-09-05T07:45:57.682864,2025-09-12T07:45:57.682864,CASA-001,Cafeteira Nespresso Essenza,Casa,1,454.74,0.0,454.74,237.0,LOJA_FISICA,CONCLUIDA,CARTAO_CREDITO,6,VND036,LOJA18
860,PED-20250526-000860,63814684753,2025-05-26T01:47:57.682864,,ESPO-001,Bicicleta Caloi 21 Marchas,Esportes,2,1317.72,0.0,2635.44,1828.5,ECOMMERCE,CANCELADA,PIX,1,VND016,
861,PED-20250606-000861,96505235701,2025-06-06T12:29:57.682864,2025-06-09T12:29:57.682864,CALC-001,Tênis Nike Air Max 270,Calçados,1,628.52,0.0,628.52,285.26,APP_MOBILE,CONCLUIDA,CARTAO_CREDITO,12,VND040,
862,PED-20251024-000862,92431186253,2025-10-24T05:38:57.682864,2025-10-27T05:38:57.682864,LIVR-001,Livro - O Poder do Hábito,Livros,1,48.78,0.0,48.78,29.76,LOJA_FISICA,CONCLUIDA,PIX,1,VND006,LOJA15
863,PED-20250802-000863,66462590386,2025-08-02T11:25:57.682864,2025-08-09T11:25:57.682864,ELET-003,"Smart TV 55"" LG OLED",Eletrônicos,2,6830.58,0.0,13661.16,8874.22,LOJA_FISICA,CONCLUIDA,CARTAO_CREDITO,6,VND028,LOJA17
864,PED-20250510-000864,11340986000,2025-05-10T11:10:57.682864,2025-05-13T11:10:57.682864,CASA-002,Aspirador Robô iRobot,Casa,1,2054.15,308.12,1746.03,1128.21,ECOMMERCE,CONCLUIDA,CARTAO_CREDITO,3,VND013,
865,PED-20250706-000865,14194886780,2025-07-06T08:35:57.682864,2025-07-16T08:35:57.682864,ELET-005,iPad Air 5ª Geração,Eletrônicos,1,4638.24,0.0,4638.24,2117.02,ECOMMERCE,CONCLUIDA,CARTAO_DEBITO,1,VND049,
866,PED-20250707-000866,14897305837,2025-07-07T09:56:57.682864,,LIVR-001,Livro - O Poder do Hábito,Livros,2,42.88,8.58,77.18,38.39,LOJA_FISICA,PENDENTE,CARTAO_CREDITO,1,VND034,LOJA05
867,PED-20251102-000867,29013131247,2025-11-02T03:06:57.682864,2025-11-11T03:06:57.682864,ESPO-001,Bicicleta Caloi 21 Marchas,Esportes,1,1943.89,0.0,1943.89,804.38,APP_MOBILE,CONCLUIDA,PIX,1,VND001,
868,PED-20250415-000868,55386382608,2025-04-15T14:52:57.682864,2025-04-25T14:52:57.682864,CASA-001,Cafeteira Nespresso Essenza,Casa,1,460.8,0.0,460.8,323.72,ECOMMERCE,CONCLUIDA,PIX,1,VND030,
869,PED-20251123-000869,32715874855,2025-11-23T05:27:57.682864,2025-12-01T05:27:57.682864,CALC-001,Tênis Nike Air Max 270,Calçados,1,746.67,0.0,746.67,302.64,ECOMMERCE,DEVOLVIDA,CARTAO_CREDITO,1,VND004,
870,PED-20250629-000870,12808172753,2025-06-29T05:50:57.682864,2025-07-08T05:50:57.682864,LIVR-001,Livro - O Poder do Hábito,Livros,1,59.08,5.91,53.17,30.76,ECOMMERCE,CONCLUIDA,CARTAO_CREDITO,1,VND033,
871,PED-20250526-000871,71534514805,2025-05-26T06:50:57.682864,2025-05-31T06:50:57.682864,ELET-005,iPad Air 5ª Geração,Eletrônicos,1,5568.68,556.87,5011.81,2850.46,TELEVENDAS,CONCLUIDA,CARTAO_DEBITO,1,VND028,
872,PED-20250803-000872,73968443047,2025-08-03T06:49:57.682864,2025-08-10T06:49:57.682864,ELET-004,Fone JBL Tune 760NC,Eletrônicos,1,492.48,98.5,393.98,198.62,LOJA_FISICA,CONCLUIDA,CARTAO_DEBITO,1,VND026,LOJA09
873,PED-20250830-000873,14679404612,2025-08-30T06:36:57.682864,2025-09-09T06:36:57.682864,CALC-002,Bota Couro Timberland,Calçados,1,884.55,0.0,884.55,367.47,LOJA_FISICA,CONCLUIDA,CARTAO_DEBITO,1,VND029,LOJA06
874,PED-20250731-000874,92431186253,2025-07-31T02:09:57.682864,2025-08-07T02:09:57.682864,CALC-001,Tênis Nike Air Max 270,Calçados,1,750.97,0.0,750.97,492.65,ECOMMERCE,CONCLUIDA,PIX,1,VND002,
875,PED-20250428-000875,04178441159,2025-04-28T04:46:57.682864,2025-05-03T04:46:57.682864,ELET-001,Smartphone Samsung Galaxy A54,Eletrônicos,1,1265.78,63.29,1202.49,733.79,LOJA_FISICA,CONCLUIDA,PIX,1,VND023,LOJA19
876,PED-20250521-000876,40722498748,2025-05-21T06:37:57.682864,2025-05-28T06:37:57.682864,ELET-001,Smartphone Samsung Galaxy A54,Eletrônicos,1,2080.36,416.07,1664.29,1164.33,ECOMMERCE,CONCLUIDA,CARTAO_CREDITO,1,VND015,
877,PED-20250522-000877,38944459479,2025-05-22T03:03:57.682864,2025-05-27T03:03:57.682864,LIVR-001,Livro - O Poder do Hábito,Livros,1,55.36,0.0,55.36,40.52,LOJA_FISICA,CONCLUIDA,CARTAO_CREDITO,1,VND007,LOJA20
878,PED-20251205-000878,40043074731,2025-12-05T05:57:57.682864,2025-12-09T05:57:57.682864,CALC-001,Tênis Nike Air Max 270,Calçados,1,759.33,0.0,759.33,439.82,APP_MOBILE,CONCLUIDA,BOLETO,1,VND036,
879,PED-20250616-000879,14194886780,2025-06-16T07:43:57.682864,2025-06-25T07:43:57.682864,LIVR-001,Livro - O Poder do Hábito,Livros,1,52.35,0.0,52.35,24.41,ECOMMERCE,CONCLUIDA,CARTAO_CREDITO,1,VND040,
880,PED-20251229-000880,69657455685,2025-12-29T05:07:57.682864,2026-01-01T05:07:57.682864,ESPO-001,Bicicleta Caloi 21 Marchas,Esportes,2,1993.93,0.0,3987.86,2581.22,LOJA_FISICA,CONCLUIDA,CARTAO_DEBITO,1,VND020,LOJA01
881,PED-20250725-000881,79862588705,2025-07-25T04:48:57.682864,2025-08-04T04:48:57.682864,CALC-002,Bota Couro Timberland,Calçados,2,870.69,0.0,1741.38,1070.01,ECOMMERCE,DEVOLVIDA,CARTAO_CREDITO,2,VND009,
882,PED-20250713-000882,44034403128,2025-07-13T04:53:57.682864,,CALC-001,Tênis Nike Air Max 270,Calçados,1,520.53,0.0,520.53,277.93,ECOMMERCE,PENDENTE,CARTAO_CREDITO,6,VND026,
883,PED-20250507-000883,83951520515,2025-05-07T14:38:57.682864,2025-05-17T14:38:57.682864,ELET-005,iPad Air 5ª Geração,Eletrônicos,2,6635.17,663.52,12606.82,8358.79,ECOMMERCE,CONCLUIDA,CARTAO_CREDITO,2,VND018,
884,PED-20250507-000884,70715013351,2025-05-07T10:51:57.682864,2025-05-10T10:51:57.682864,CALC-001,Tênis Nike Air Max 270,Calçados,1,751.04,0.0,751.04,461.7,ECOMMERCE,CONCLUIDA,PIX,1,VND004,
885,PED-20250614-000885,05778359047,2025-06-14T00:57:57.682864,2025-06-18T00:57:57.682864,ELET-004,Fone JBL Tune 760NC,Eletrônicos,1,451.36,45.14,406.22,165.97,LOJA_FISICA,CONCLUIDA,BOLETO,1,VND030,LOJA05
886,PED-20251123-000886,56825739352,2025-11-23T01:21:57.682864,2025-11-28T01:21:57.682864,VEST-002,Vestido Social Feminino,Vestuário,2,349.06,0.0,698.12,296.24,LOJA_FISICA,CONCLUIDA,CARTAO_CREDITO,2,VND026,LOJA14
887,PED-20260211-000887,92639285688,2026-02-11T07:27:57.682864,2026-02-21T07:27:57.682864,VEST-002,Vestido Social Feminino,Vestuário,1,353.08,52.96,300.12,175.43,ECOMMERCE,CONCLUIDA,CARTAO_CREDITO,3,VND018,
888,PED-20250828-000888,32715874855,2025-08-28T03:35:57.682864,2025-09-07T03:35:57.682864,CALC-001,Tênis Nike Air Max 270,Calçados,1,697.12,139.42,557.7,290.74,LOJA_FISICA,CONCLUIDA,CARTAO_CREDITO,1,VND050,LOJA07
889,PED-20250812-000889,82100404806,2025-08-12T05:34:57.682864,2025-08-20T05:34:57.682864,ALIM-001,Kit Chocolate Belga Importado,Alimentação,2,82.76,0.0,165.52,105.25,APP_MOBILE,CONCLUIDA,PIX,1,VND046,
890,PED-20251005-000890,02630961141,2025-10-05T03:41:57.682864,2025-10-11T03:41:57.682864,CASA-001,Cafeteira Nespresso Essenza,Casa,1,673.79,0.0,673.79,351.99,ECOMMERCE,CONCLUIDA,PIX,1,VND019,
891,PED-20250828-000891,14194886780,2025-08-28T13:04:57.682864,2025-09-01T13:04:57.682864,VEST-002,Vestido Social Feminino,Vestuário,1,376.37,0.0,376.37,205.12,TELEVENDAS,CONCLUIDA,CARTAO_CREDITO,3,VND002,
892,PED-20250914-000892,40539595195,2025-09-14T01:08:57.682864,2025-09-18T01:08:57.682864,CASA-002,Aspirador Robô iRobot,Casa,1,2848.16,0.0,2848.16,1567.43,ECOMMERCE,CONCLUIDA,BOLETO,1,VND032,
893,PED-20250815-000893,74610487160,2025-08-15T07:38:57.682864,2025-08-22T07:38:57.682864,CASA-002,Aspirador Robô iRobot,Casa,1,2279.71,0.0,2279.71,1252.81,ECOMMERCE,CONCLUIDA,BOLETO,1,VND026,
894,PED-20250502-000894,04469413526,2025-05-02T14:45:57.682864,2025-05-12T14:45:57.682864,ELET-003,"Smart TV 55"" LG OLED",Eletrônicos,1,3528.47,0.0,3528.47,2400.26,LOJA_FISICA,CONCLUIDA,CARTAO_CREDITO,6,VND023,LOJA09
895,PED-20250503-000895,56825739352,2025-05-03T15:20:57.682864,2025-05-11T15:20:57.682864,CALC-002,Bota Couro Timberland,Calçados,1,828.33,0.0,828.33,376.18,TELEVENDAS,CONCLUIDA,PIX,1,VND035,
896,PED-20251025-000896,85901775210,2025-10-25T14:08:57.682864,2025-11-04T14:08:57.682864,CALC-001,Tênis Nike Air Max 270,Calçados,2,455.19,0.0,910.38,448.05,ECOMMERCE,CONCLUIDA,BOLETO,1,VND033,
897,PED-20250417-000897,18304847884,2025-04-17T07:19:57.682864,2025-04-25T07:19:57.682864,ELET-001,Smartphone Samsung Galaxy A54,Eletrônicos,2,2071.67,0.0,4143.34,2503.04,ECOMMERCE,CONCLUIDA,CARTAO_DEBITO,1,VND019,
898,PED-20250616-000898,55386382608,2025-06-16T10:31:57.682864,2025-06-21T10:31:57.682864,ELET-002,Notebook Dell Inspiron 15,Eletrônicos,1,4796.9,479.69,4317.21,3185.01,ECOMMERCE,CONCLUIDA,CARTAO_CREDITO,1,VND011,
899,PED-20250807-000899,25281198793,2025-08-07T12:39:57.682864,2025-08-17T12:39:57.682864,ALIM-001,Kit Chocolate Belga Importado,Alimentação,1,111.35,16.7,94.65,56.01,TELEVENDAS,CONCLUIDA,BOLETO,1,VND005,
900,PED-20250624-000900,92044693151,2025-06-24T12:41:57.682864,2025-06-29T12:41:57.682864,ELET-003,"Smart TV 55"" LG OLED",Eletrônicos,1,5089.44,0.0,5089.44,2636.55,APP_MOBILE,CONCLUIDA,CARTAO_CREDITO,1,VND008,
901,PED-20260129-000901,35884589565,2026-01-29T02:06:57.682864,2026-02-01T02:06:57.682864,CASA-002,Aspirador Robô iRobot,Casa,1,2110.3,0.0,2110.3,883.22,LOJA_FISICA,CONCLUIDA,BOLETO,1,VND045,LOJA04
902,PED-20251011-000902,66460032629,2025-10-11T11:26:57.682864,2025-10-20T11:26:57.682864,CASA-001,Cafeteira Nespresso Essenza,Casa,1,407.45,0.0,407.45,171.27,ECOMMERCE,CONCLUIDA,PIX,1,VND046,
903,PED-20250723-000903,99211431581,2025-07-23T11:25:57.682864,2025-07-27T11:25:57.682864,ELET-001,Smartphone Samsung Galaxy A54,Eletrônicos,1,1984.57,198.46,1786.11,1048.79,ECOMMERCE,CONCLUIDA,CARTAO_DEBITO,1,VND014,
904,PED-20251111-000904,01492682977,2025-11-11T14:48:57.682864,2025-11-21T14:48:57.682864,CALC-001,Tênis Nike Air Max 270,Calçados,1,701.89,70.19,631.7,256.32,TELEVENDAS,CONCLUIDA,CARTAO_CREDITO,1,VND005,
905,PED-20250503-000905,02717538976,2025-05-03T06:53:57.682864,2025-05-08T06:53:57.682864,ELET-004,Fone JBL Tune 760NC,Eletrônicos,1,550.59,0.0,550.59,283.44,ECOMMERCE,CONCLUIDA,CARTAO_DEBITO,1,VND031,
906,PED-20250805-000906,29951489397,2025-08-05T04:49:57.682864,2025-08-13T04:49:57.682864,ELET-001,Smartphone Samsung Galaxy A54,Eletrônicos,1,1438.51,0.0,1438.51,866.81,LOJA_FISICA,CONCLUIDA,CARTAO_CREDITO,2,VND048,LOJA13
907,PED-20251020-000907,10594569311,2025-10-20T01:36:57.682864,,CALC-002,Bota Couro Timberland,Calçados,1,799.92,0.0,799.92,383.26,ECOMMERCE,CANCELADA,CARTAO_CREDITO,3,VND006,
908,PED-20250709-000908,38870841448,2025-07-09T05:20:57.682864,2025-07-16T05:20:57.682864,CASA-002,Aspirador Robô iRobot,Casa,2,1526.78,0.0,3053.56,1785.92,ECOMMERCE,CONCLUIDA,CARTAO_DEBITO,1,VND020,
909,PED-20250512-000909,10594569311,2025-05-12T07:16:57.682864,2025-05-19T07:16:57.682864,BELE-001,Perfume Natura Essencial,Beleza,1,279.5,27.95,251.55,153.69,TELEVENDAS,DEVOLVIDA,PIX,1,VND004,
910,PED-20250727-000910,85207275739,2025-07-27T03:39:57.682864,2025-07-30T03:39:57.682864,ELET-005,iPad Air 5ª Geração,Eletrônicos,2,6581.65,1316.33,11846.97,5785.17,ECOMMERCE,CONCLUIDA,CARTAO_CREDITO,6,VND046,
911,PED-20250704-000911,55386382608,2025-07-04T03:50:57.682864,2025-07-14T03:50:57.682864,ALIM-001,Kit Chocolate Belga Importado,Alimentação,1,179.19,0.0,179.19,81.72,ECOMMERCE,CONCLUIDA,PIX,1,VND003,
912,PED-20250826-000912,85207275739,2025-08-26T04:53:57.682864,2025-09-01T04:53:57.682864,VEST-001,Camiseta Polo Masculina,Vestuário,2,150.3,0.0,300.6,219.0,TELEVENDAS,CONCLUIDA,CARTAO_DEBITO,1,VND002,
913,PED-20251016-000913,20969089732,2025-10-16T10:00:57.682864,2025-10-21T10:00:57.682864,CALC-001,Tênis Nike Air Max 270,Calçados,1,511.09,0.0,511.09,342.26,APP_MOBILE,CONCLUIDA,BOLETO,1,VND014,
914,PED-20250429-000914,07133496623,2025-04-29T09:51:57.682864,2025-05-05T09:51:57.682864,ESPO-001,Bicicleta Caloi 21 Marchas,Esportes,1,1741.43,0.0,1741.43,1242.59,LOJA_FISICA,CONCLUIDA,PIX,1,VND050,LOJA11
915,PED-20251105-000915,23125114446,2025-11-05T06:40:57.682864,2025-11-15T06:40:57.682864,ELET-004,Fone JBL Tune 760NC,Eletrônicos,2,538.81,215.52,862.1,409.65,ECOMMERCE,CONCLUIDA,PIX,1,VND027,
916,PED-20250419-000916,31527166724,2025-04-19T10:01:57.682864,2025-04-23T10:01:57.682864,ELET-004,Fone JBL Tune 760NC,Eletrônicos,1,515.89,0.0,515.89,288.15,TELEVENDAS,CONCLUIDA,PIX,1,VND003,
917,PED-20250531-000917,62339260507,2025-05-31T11:13:57.682864,2025-06-06T11:13:57.682864,ESPO-001,Bicicleta Caloi 21 Marchas,Esportes,1,854.75,0.0,854.75,610.83,APP_MOBILE,DEVOLVIDA,PIX,1,VND001,
918,PED-20250906-000918,05778359047,2025-09-06T08:43:57.682864,2025-09-14T08:43:57.682864,ELET-003,"Smart TV 55"" LG OLED",Eletrônicos,1,4065.9,0.0,4065.9,1981.2,LOJA_FISICA,CONCLUIDA,BOLETO,1,VND034,LOJA11
919,PED-20250612-000919,15517097596,2025-06-12T01:48:57.682864,2025-06-21T01:48:57.682864,ELET-002,Notebook Dell Inspiron 15,Eletrônicos,1,3702.77,185.14,3517.63,2030.82,LOJA_FISICA,CONCLUIDA,CARTAO_CREDITO,3,VND047,LOJA09
920,PED-20250423-000920,48591820819,2025-04-23T15:54:57.682864,2025-05-02T15:54:57.682864,ELET-005,iPad Air 5ª Geração,Eletrônicos,1,6698.53,0.0,6698.53,4621.81,APP_MOBILE,CONCLUIDA,PIX,1,VND024,
921,PED-20250828-000921,69657455685,2025-08-28T14:53:57.682864,2025-09-02T14:53:57.682864,CASA-001,Cafeteira Nespresso Essenza,Casa,1,429.53,21.48,408.05,222.88,ECOMMERCE,CONCLUIDA,CARTAO_CREDITO,3,VND021,
922,PED-20251107-000922,67834916920,2025-11-07T04:20:57.682864,,ELET-001,Smartphone Samsung Galaxy A54,Eletrônicos,1,1650.03,0.0,1650.03,1114.86,LOJA_FISICA,CANCELADA,CARTAO_DEBITO,1,VND016,LOJA08
923,PED-20250517-000923,69657455685,2025-05-17T10:48:57.682864,2025-05-25T10:48:57.682864,ELET-004,Fone JBL Tune 760NC,Eletrônicos,1,524.63,26.23,498.4,349.86,ECOMMERCE,CONCLUIDA,BOLETO,1,VND032,
924,PED-20250601-000924,77767235416,2025-06-01T04:37:57.682864,2025-06-05T04:37:57.682864,ELET-003,"Smart TV 55"" LG OLED",Eletrônicos,1,6674.99,667.5,6007.49,2652.45,LOJA_FISICA,CONCLUIDA,BOLETO,1,VND047,LOJA08
925,PED-20250607-000925,50006890032,2025-06-07T14:03:57.682864,2025-06-14T14:03:57.682864,VEST-001,Camiseta Polo Masculina,Vestuário,2,245.69,0.0,491.38,354.86,ECOMMERCE,CONCLUIDA,CARTAO_DEBITO,1,VND002,
926,PED-20250723-000926,63724858426,2025-07-23T05:18:57.682864,,ELET-003,"Smart TV 55"" LG OLED",Eletrônicos,1,4898.05,0.0,4898.05,2420.61,APP_MOBILE,CANCELADA,PIX,1,VND011,
927,PED-20251201-000927,42838346377,2025-12-01T07:14:57.682864,2025-12-07T07:14:57.682864,VEST-002,Vestido Social Feminino,Vestuário,1,428.35,0.0,428.35,259.97,TELEVENDAS,CONCLUIDA,PIX,1,VND043,
928,PED-20250701-000928,00177956488,2025-07-01T02:23:57.682864,,ELET-004,Fone JBL Tune 760NC,Eletrônicos,1,494.44,74.17,420.27,310.87,ECOMMERCE,CANCELADA,CARTAO_DEBITO,1,VND043,
929,PED-20250615-000929,54812693250,2025-06-15T12:21:57.682864,2025-06-18T12:21:57.682864,ELET-004,Fone JBL Tune 760NC,Eletrônicos,1,360.43,0.0,360.43,150.14,ECOMMERCE,CONCLUIDA,PIX,1,VND034,
930,PED-20250509-000930,30261290380,2025-05-09T14:58:57.682864,2025-05-19T14:58:57.682864,VEST-002,Vestido Social Feminino,Vestuário,1,375.68,0.0,375.68,210.53,LOJA_FISICA,CONCLUIDA,PIX,1,VND015,LOJA10
931,PED-20251016-000931,40493641742,2025-10-16T11:09:57.682864,2025-10-26T11:09:57.682864,CASA-001,Cafeteira Nespresso Essenza,Casa,1,631.09,0.0,631.09,380.87,ECOMMERCE,CONCLUIDA,CARTAO_CREDITO,6,VND006,
932,PED-20250507-000932,02416870807,2025-05-07T08:11:57.682864,2025-05-11T08:11:57.682864,ELET-001,Smartphone Samsung Galaxy A54,Eletrônicos,1,2189.65,0.0,2189.65,1530.09,ECOMMERCE,CONCLUIDA,CARTAO_CREDITO,6,VND033,
933,PED-20250615-000933,96815399907,2025-06-15T08:31:57.682864,2025-06-19T08:31:57.682864,BELE-001,Perfume Natura Essencial,Beleza,1,250.38,0.0,250.38,106.99,ECOMMERCE,DEVOLVIDA,BOLETO,1,VND027,
934,PED-20250706-000934,94288084580,2025-07-06T09:27:57.682864,2025-07-12T09:27:57.682864,CASA-001,Cafeteira Nespresso Essenza,Casa,1,484.14,96.83,387.31,270.99,ECOMMERCE,CONCLUIDA,CARTAO_CREDITO,3,VND020,
935,PED-20250601-000935,14194886780,2025-06-01T14:00:57.682864,2025-06-04T14:00:57.682864,VEST-001,Camiseta Polo Masculina,Vestuário,3,196.98,29.55,561.39,326.94,ECOMMERCE,CONCLUIDA,CARTAO_DEBITO,1,VND038,
936,PED-20251110-000936,61145283284,2025-11-10T06:52:57.682864,2025-11-14T06:52:57.682864,ELET-004,Fone JBL Tune 760NC,Eletrônicos,1,366.5,54.98,311.52,203.24,ECOMMERCE,CONCLUIDA,PIX,1,VND012,
937,PED-20260213-000937,15517097596,2026-02-13T04:17:57.682864,2026-02-23T04:17:57.682864,VEST-002,Vestido Social Feminino,Vestuário,1,430.03,0.0,430.03,194.67,APP_MOBILE,CONCLUIDA,PIX,1,VND020,
938,PED-20250613-000938,18304847884,2025-06-13T01:40:57.682864,2025-06-23T01:40:57.682864,ELET-004,Fone JBL Tune 760NC,Eletrônicos,1,444.95,0.0,444.95,209.2,LOJA_FISICA,CONCLUIDA,BOLETO,1,VND017,LOJA09
939,PED-20251023-000939,14993666985,2025-10-23T10:19:57.682864,2025-10-27T10:19:57.682864,ELET-002,Notebook Dell Inspiron 15,Eletrônicos,1,4350.97,0.0,4350.97,2749.89,ECOMMERCE,CONCLUIDA,PIX,1,VND014,
940,PED-20260118-000940,24021504753,2026-01-18T15:25:57.682864,2026-01-22T15:25:57.682864,ELET-005,iPad Air 5ª Geração,Eletrônicos,1,6031.73,0.0,6031.73,3706.31,ECOMMERCE,CONCLUIDA,PIX,1,VND024,
941,PED-20250828-000941,71878662082,2025-08-28T07:24:57.682864,2025-09-03T07:24:57.682864,BELE-001,Perfume Natura Essencial,Beleza,1,210.97,0.0,210.97,131.22,APP_MOBILE,CONCLUIDA,PIX,1,VND039,
942,PED-20250510-000942,24530593606,2025-05-10T09:59:57.682864,2025-05-20T09:59:57.682864,CASA-002,Aspirador Robô iRobot,Casa,1,3371.75,0.0,3371.75,1799.39,ECOMMERCE,CONCLUIDA,BOLETO,1,VND007,
943,PED-20250415-000943,91523950064,2025-04-15T12:35:57.682864,2025-04-25T12:35:57.682864,LIVR-001,Livro - O Poder do Hábito,Livros,1,43.45,0.0,43.45,27.75,ECOMMERCE,CONCLUIDA,PIX,1,VND024,
944,PED-20250716-000944,72448594228,2025-07-16T13:32:57.682864,2025-07-21T13:32:57.682864,CALC-001,Tênis Nike Air Max 270,Calçados,1,505.77,101.15,404.62,283.01,LOJA_FISICA,CONCLUIDA,BOLETO,1,VND050,LOJA12
945,PED-20250902-000945,60159461057,2025-09-02T14:42:57.682864,2025-09-06T14:42:57.682864,VEST-001,Camiseta Polo Masculina,Vestuário,1,197.52,29.63,167.89,76.52,ECOMMERCE,CONCLUIDA,CARTAO_CREDITO,1,VND048,
946,PED-20250725-000946,92623542821,2025-07-25T07:53:57.682864,2025-07-31T07:53:57.682864,BELE-001,Perfume Natura Essencial,Beleza,1,244.1,0.0,244.1,100.8,ECOMMERCE,CONCLUIDA,BOLETO,1,VND011,
947,PED-20250508-000947,41039768458,2025-05-08T04:33:57.682864,2025-05-11T04:33:57.682864,ELET-001,Smartphone Samsung Galaxy A54,Eletrônicos,1,1865.55,0.0,1865.55,996.49,ECOMMERCE,CONCLUIDA,CARTAO_CREDITO,12,VND027,
948,PED-20250722-000948,18291916837,2025-07-22T13:08:57.682864,2025-07-26T13:08:57.682864,LIVR-001,Livro - O Poder do Hábito,Livros,2,44.62,13.39,75.85,42.61,LOJA_FISICA,CONCLUIDA,BOLETO,1,VND050,LOJA20
949,PED-20250529-000949,16227236357,2025-05-29T03:46:57.682864,2025-06-07T03:46:57.682864,CALC-002,Bota Couro Timberland,Calçados,1,1177.69,117.77,1059.92,733.9,ECOMMERCE,CONCLUIDA,PIX,1,VND047,
950,PED-20250422-000950,64602508804,2025-04-22T09:43:57.682864,2025-05-01T09:43:57.682864,ELET-001,Smartphone Samsung Galaxy A54,Eletrônicos,1,1233.18,0.0,1233.18,686.16,ECOMMERCE,CONCLUIDA,PIX,1,VND006,
951,PED-20250708-000951,79199563231,2025-07-08T08:39:57.682864,2025-07-11T08:39:57.682864,LIVR-001,Livro - O Poder do Hábito,Livros,3,54.24,0.0,162.72,105.74,ECOMMERCE,CONCLUIDA,PIX,1,VND028,
952,PED-20250826-000952,31913673499,2025-08-26T03:12:57.682864,2025-09-03T03:12:57.682864,ALIM-001,Kit Chocolate Belga Importado,Alimentação,1,129.64,0.0,129.64,52.39,APP_MOBILE,CONCLUIDA,BOLETO,1,VND024,
953,PED-20250609-000953,02864143178,2025-06-09T07:20:57.682864,2025-06-14T07:20:57.682864,VEST-002,Vestido Social Feminino,Vestuário,1,367.55,0.0,367.55,274.75,LOJA_FISICA,CONCLUIDA,CARTAO_CREDITO,6,VND048,LOJA16
954,PED-20250930-000954,74710629404,2025-09-30T13:40:57.682864,2025-10-04T13:40:57.682864,ELET-003,"Smart TV 55"" LG OLED",Eletrônicos,1,5739.2,860.88,4878.32,3489.42,ECOMMERCE,CONCLUIDA,CARTAO_DEBITO,1,VND027,
955,PED-20250531-000955,90480458863,2025-05-31T01:38:57.682864,2025-06-03T01:38:57.682864,VEST-002,Vestido Social Feminino,Vestuário,1,244.93,12.25,232.68,95.44,ECOMMERCE,CONCLUIDA,PIX,1,VND001,
956,PED-20250426-000956,14897305837,2025-04-26T12:23:57.682864,2025-05-01T12:23:57.682864,ELET-004,Fone JBL Tune 760NC,Eletrônicos,1,585.25,0.0,585.25,316.04,ECOMMERCE,CONCLUIDA,PIX,1,VND015,
957,PED-20250715-000957,24824467594,2025-07-15T08:36:57.682864,2025-07-22T08:36:57.682864,VEST-001,Camiseta Polo Masculina,Vestuário,1,102.84,0.0,102.84,69.36,ECOMMERCE,CONCLUIDA,CARTAO_CREDITO,1,VND050,
958,PED-20250530-000958,55417338044,2025-05-30T07:07:57.682864,2025-06-03T07:07:57.682864,BELE-001,Perfume Natura Essencial,Beleza,1,183.25,0.0,183.25,109.92,APP_MOBILE,CONCLUIDA,PIX,1,VND039,
959,PED-20260104-000959,57952837117,2026-01-04T14:31:57.682864,2026-01-11T14:31:57.682864,ELET-005,iPad Air 5ª Geração,Eletrônicos,1,4838.99,0.0,4838.99,2575.49,LOJA_FISICA,CONCLUIDA,CARTAO_DEBITO,1,VND014,LOJA18
960,PED-20250821-000960,82100404806,2025-08-21T03:04:57.682864,2025-08-31T03:04:57.682864,LIVR-001,Livro - O Poder do Hábito,Livros,1,36.66,1.83,34.83,16.84,LOJA_FISICA,CONCLUIDA,BOLETO,1,VND009,LOJA17
961,PED-20250819-000961,25281198793,2025-08-19T13:53:57.682864,2025-08-27T13:53:57.682864,ELET-004,Fone JBL Tune 760NC,Eletrônicos,1,381.13,0.0,381.13,258.76,ECOMMERCE,DEVOLVIDA,CARTAO_CREDITO,2,VND042,
962,PED-20251207-000962,24021504753,2025-12-07T07:54:57.682864,2025-12-10T07:54:57.682864,CALC-002,Bota Couro Timberland,Calçados,2,1152.2,460.88,1843.52,1147.29,APP_MOBILE,CONCLUIDA,PIX,1,VND027,
963,PED-20250505-000963,92431186253,2025-05-05T12:07:57.682864,2025-05-14T12:07:57.682864,CASA-001,Cafeteira Nespresso Essenza,Casa,1,565.77,84.87,480.9,218.62,ECOMMERCE,DEVOLVIDA,PIX,1,VND029,
964,PED-20251231-000964,25281198793,2025-12-31T07:13:57.682864,2026-01-03T07:13:57.682864,ELET-005,iPad Air 5ª Geração,Eletrônicos,1,4932.68,0.0,4932.68,2136.48,APP_MOBILE,CONCLUIDA,CARTAO_CREDITO,12,VND029,
965,PED-20260322-000965,84230393407,2026-03-22T01:22:57.682864,2026-03-25T01:22:57.682864,ELET-002,Notebook Dell Inspiron 15,Eletrônicos,1,3443.92,0.0,3443.92,1834.26,LOJA_FISICA,CONCLUIDA,CARTAO_DEBITO,1,VND021,LOJA16
966,PED-20251111-000966,65698611157,2025-11-11T15:53:57.682864,2025-11-18T15:53:57.682864,LIVR-001,Livro - O Poder do Hábito,Livros,1,52.48,0.0,52.48,24.21,ECOMMERCE,CONCLUIDA,CARTAO_CREDITO,1,VND031,
967,PED-20250416-000967,93263060546,2025-04-16T08:56:57.682864,2025-04-25T08:56:57.682864,ALIM-001,Kit Chocolate Belga Importado,Alimentação,2,109.24,0.0,218.48,151.72,ECOMMERCE,CONCLUIDA,CARTAO_CREDITO,12,VND027,
968,PED-20250709-000968,25723938673,2025-07-09T03:06:57.682864,2025-07-15T03:06:57.682864,ELET-001,Smartphone Samsung Galaxy A54,Eletrônicos,1,1900.49,0.0,1900.49,1017.21,LOJA_FISICA,CONCLUIDA,PIX,1,VND016,LOJA20
969,PED-20250718-000969,85122536651,2025-07-18T11:56:57.682864,2025-07-26T11:56:57.682864,ELET-002,Notebook Dell Inspiron 15,Eletrônicos,1,2909.9,0.0,2909.9,1578.51,ECOMMERCE,CONCLUIDA,CARTAO_CREDITO,1,VND043,
970,PED-20250502-000970,22091782157,2025-05-02T05:48:57.682864,2025-05-08T05:48:57.682864,ESPO-001,Bicicleta Caloi 21 Marchas,Esportes,1,1652.3,247.84,1404.46,733.47,APP_MOBILE,CONCLUIDA,PIX,1,VND019,
971,PED-20250910-000971,52928418113,2025-09-10T04:02:57.682864,,ALIM-001,Kit Chocolate Belga Importado,Alimentação,1,198.16,0.0,198.16,106.79,LOJA_FISICA,CANCELADA,CARTAO_CREDITO,1,VND050,LOJA08
972,PED-20250614-000972,57952837117,2025-06-14T05:03:57.682864,2025-06-24T05:03:57.682864,CALC-001,Tênis Nike Air Max 270,Calçados,1,812.03,0.0,812.03,603.74,APP_MOBILE,CONCLUIDA,BOLETO,1,VND041,
973,PED-20251004-000973,17245748330,2025-10-04T14:30:57.682864,2025-10-07T14:30:57.682864,ELET-005,iPad Air 5ª Geração,Eletrônicos,1,5567.43,0.0,5567.43,3166.31,APP_MOBILE,CONCLUIDA,CARTAO_CREDITO,3,VND024,
974,PED-20250430-000974,82721169106,2025-04-30T10:30:57.682864,2025-05-07T10:30:57.682864,CALC-002,Bota Couro Timberland,Calçados,1,783.28,0.0,783.28,491.67,ECOMMERCE,CONCLUIDA,BOLETO,1,VND049,
975,PED-20250701-000975,73968443047,2025-07-01T15:55:57.682864,2025-07-10T15:55:57.682864,LIVR-001,Livro - O Poder do Hábito,Livros,1,40.44,0.0,40.44,20.53,ECOMMERCE,CONCLUIDA,CARTAO_CREDITO,1,VND018,
976,PED-20250523-000976,39465372196,2025-05-23T06:16:57.682864,2025-05-27T06:16:57.682864,ELET-001,Smartphone Samsung Galaxy A54,Eletrônicos,1,1885.07,94.25,1790.82,986.67,ECOMMERCE,CONCLUIDA,PIX,1,VND027,
977,PED-20260327-000977,48591820819,2026-03-27T10:03:57.682864,2026-04-04T10:03:57.682864,ELET-005,iPad Air 5ª Geração,Eletrônicos,1,6426.63,0.0,6426.63,2685.1,APP_MOBILE,CONCLUIDA,CARTAO_CREDITO,3,VND029,
978,PED-20251204-000978,00554378698,2025-12-04T13:41:57.682864,2025-12-13T13:41:57.682864,LIVR-001,Livro - O Poder do Hábito,Livros,1,50.99,0.0,50.99,29.25,LOJA_FISICA,CONCLUIDA,CARTAO_DEBITO,1,VND023,LOJA18
979,PED-20250919-000979,31527166724,2025-09-19T09:49:57.682864,2025-09-23T09:49:57.682864,CALC-002,Bota Couro Timberland,Calçados,1,616.2,0.0,616.2,371.54,LOJA_FISICA,CONCLUIDA,CARTAO_DEBITO,1,VND014,LOJA17
980,PED-20250927-000980,40357903382,2025-09-27T04:26:57.682864,2025-10-02T04:26:57.682864,ELET-001,Smartphone Samsung Galaxy A54,Eletrônicos,1,1897.09,0.0,1897.09,1192.95,TELEVENDAS,CONCLUIDA,CARTAO_CREDITO,1,VND014,
981,PED-20250504-000981,28740709124,2025-05-04T11:38:57.682864,2025-05-09T11:38:57.682864,ELET-005,iPad Air 5ª Geração,Eletrônicos,1,4631.27,0.0,4631.27,3441.5,ECOMMERCE,CONCLUIDA,PIX,1,VND020,
982,PED-20250507-000982,66462590386,2025-05-07T06:00:57.682864,2025-05-16T06:00:57.682864,BELE-001,Perfume Natura Essencial,Beleza,1,158.09,0.0,158.09,69.07,ECOMMERCE,CONCLUIDA,CARTAO_CREDITO,1,VND008,
983,PED-20250705-000983,67834916920,2025-07-05T05:12:57.682864,2025-07-12T05:12:57.682864,VEST-001,Camiseta Polo Masculina,Vestuário,1,246.04,0.0,246.04,172.64,ECOMMERCE,CONCLUIDA,CARTAO_CREDITO,12,VND043,
984,PED-20251215-000984,20969089732,2025-12-15T10:21:57.682864,2025-12-25T10:21:57.682864,LIVR-001,Livro - O Poder do Hábito,Livros,1,44.79,8.96,35.83,25.41,APP_MOBILE,CONCLUIDA,CARTAO_CREDITO,1,VND020,
985,PED-20250503-000985,71534514805,2025-05-03T03:43:57.682864,2025-05-07T03:43:57.682864,ELET-001,Smartphone Samsung Galaxy A54,Eletrônicos,1,1231.33,0.0,1231.33,597.75,ECOMMERCE,DEVOLVIDA,BOLETO,1,VND006,
986,PED-20250928-000986,49016814949,2025-09-28T14:05:57.682864,,ELET-002,Notebook Dell Inspiron 15,Eletrônicos,1,3617.56,0.0,3617.56,2657.13,ECOMMERCE,CANCELADA,BOLETO,1,VND009,
987,PED-20250918-000987,62513572408,2025-09-18T13:41:57.682864,2025-09-23T13:41:57.682864,VEST-001,Camiseta Polo Masculina,Vestuário,1,177.07,0.0,177.07,89.98,ECOMMERCE,CONCLUIDA,PIX,1,VND002,
988,PED-20250607-000988,67449816849,2025-06-07T06:33:57.682864,,ESPO-001,Bicicleta Caloi 21 Marchas,Esportes,1,953.67,0.0,953.67,553.62,ECOMMERCE,CANCELADA,PIX,1,VND026,
989,PED-20251031-000989,87275414449,2025-10-31T06:00:57.682864,2025-11-09T06:00:57.682864,ELET-004,Fone JBL Tune 760NC,Eletrônicos,1,482.3,0.0,482.3,209.19,ECOMMERCE,CONCLUIDA,PIX,1,VND015,
990,PED-20250528-000990,72074934521,2025-05-28T07:22:57.682864,2025-06-04T07:22:57.682864,LIVR-001,Livro - O Poder do Hábito,Livros,1,44.93,0.0,44.93,20.34,LOJA_FISICA,CONCLUIDA,PIX,1,VND017,LOJA12
991,PED-20251017-000991,00154165930,2025-10-17T06:58:57.682864,2025-10-25T06:58:57.682864,ELET-001,Smartphone Samsung Galaxy A54,Eletrônicos,1,1455.18,0.0,1455.18,915.6,LOJA_FISICA,CONCLUIDA,CARTAO_CREDITO,1,VND016,LOJA19
992,PED-20250809-000992,74710629404,2025-08-09T13:00:57.682864,,ALIM-001,Kit Chocolate Belga Importado,Alimentação,1,138.32,0.0,138.32,76.46,LOJA_FISICA,CANCELADA,CARTAO_DEBITO,1,VND022,LOJA20
993,PED-20250804-000993,81480459500,2025-08-04T03:43:57.682864,2025-08-09T03:43:57.682864,ELET-001,Smartphone Samsung Galaxy A54,Eletrônicos,3,2044.08,0.0,6132.24,3873.0,ECOMMERCE,CONCLUIDA,CARTAO_CREDITO,1,VND045,
994,PED-20251029-000994,89729244740,2025-10-29T03:27:57.682864,2025-11-07T03:27:57.682864,ALIM-001,Kit Chocolate Belga Importado,Alimentação,2,90.49,0.0,180.98,125.07,ECOMMERCE,CONCLUIDA,CARTAO_CREDITO,1,VND021,
995,PED-20250704-000995,63724858426,2025-07-04T08:48:57.682864,2025-07-10T08:48:57.682864,CALC-002,Bota Couro Timberland,Calçados,1,648.36,0.0,648.36,316.46,ECOMMERCE,CONCLUIDA,CARTAO_CREDITO,12,VND030,
996,PED-20250718-000996,27657790580,2025-07-18T13:31:57.682864,2025-07-21T13:31:57.682864,VEST-001,Camiseta Polo Masculina,Vestuário,1,96.44,0.0,96.44,70.15,TELEVENDAS,CONCLUIDA,BOLETO,1,VND049,
997,PED-20250617-000997,10594569311,2025-06-17T07:34:57.682864,2025-06-25T07:34:57.682864,VEST-002,Vestido Social Feminino,Vestuário,1,204.11,10.21,193.9,87.6,LOJA_FISICA,CONCLUIDA,BOLETO,1,VND034,LOJA10
998,PED-20250927-000998,72074934521,2025-09-27T10:31:57.682864,,ELET-001,Smartphone Samsung Galaxy A54,Eletrônicos,1,1643.22,0.0,1643.22,1054.76,APP_MOBILE,PENDENTE,PIX,1,VND029,
999,PED-20250702-000999,54812693250,2025-07-02T09:24:57.682864,2025-07-11T09:24:57.682864,VEST-002,Vestido Social Feminino,Vestuário,1,203.13,40.63,162.5,83.83,ECOMMERCE,CONCLUIDA,CARTAO_CREDITO,1,VND008,
1000,PED-20250926-001000,80759034800,2025-09-26T10:34:57.682864,2025-09-30T10:34:57.682864,ELET-002,Notebook Dell Inspiron 15,Eletrônicos,1,3912.63,0.0,3912.63,1710.21,ECOMMERCE,CONCLUIDA,BOLETO,1,VND049,
